GrLivArea,BedroomAbvGr,KitchenAbvGr,OverallCond,CentralAir,SalePrice
0.38006952491309387,0.375,0.3333333333333333,0.5,1,208500
-0.3120896098879876,0.375,0.3333333333333333,0.875,1,181500
0.4974893781382773,0.375,0.3333333333333333,0.5,1,223500
0.3908845113943608,0.375,0.3333333333333333,0.5,1,140000
1.134028582464272,0.5,0.3333333333333333,0.5,1,250000
-0.15758980301274622,0.125,0.3333333333333333,0.5,1,143000
0.3553495558130552,0.375,0.3333333333333333,0.5,1,307000
0.9671687910390112,0.375,0.3333333333333333,0.625,1,200000
0.4789494013132484,0.25,0.6666666666666666,0.5,1,129900
-0.5979142526071842,0.25,0.6666666666666666,0.625,1,118000
-2.263422170722287,0.375,0.3333333333333333,0.5,1,129500
1.328698339127076,0.5,0.3333333333333333,0.5,1,345000
-0.8528389339513326,0.25,0.3333333333333333,0.625,1,144000
0.046349942062572425,0.375,0.3333333333333333,0.5,1,279500
-0.3259945925067594,0.25,0.3333333333333333,0.5,1,157000
-0.9424488219389726,0.25,0.3333333333333333,0.875,1,132000
-0.7106991116261104,0.25,0.3333333333333333,0.75,1,149000
-0.25955967555040554,0.25,0.6666666666666666,0.5,1,90000
-0.540749324063345,0.375,0.3333333333333333,0.5,1,159000
-0.19312475859405176,0.375,0.3333333333333333,0.625,1,139000
1.4090382387022016,0.5,0.3333333333333333,0.5,1,325300
-0.5500193124758594,0.375,0.3333333333333333,0.75,1,139400
0.511394360757049,0.375,0.3333333333333333,0.5,1,230000
-0.6241792197759752,0.375,0.3333333333333333,0.75,1,129900
-0.6241792197759752,0.375,0.3333333333333333,0.875,1,154000
0.21011973735032832,0.375,0.3333333333333333,0.5,1,256300
-0.8713789107763615,0.375,0.3333333333333333,0.75,1,134800
0.3707995365005794,0.375,0.3333333333333333,0.5,1,306000
0.21011973735032832,0.25,0.3333333333333333,0.625,1,207500
-1.4584781769022788,0.125,0.3333333333333333,0.625,0,68500
-0.2271147161066049,0.375,0.3333333333333333,0.375,0,40000
-0.3646195442255697,0.375,0.3333333333333333,0.625,1,149350
-0.3553495558130552,0.375,0.3333333333333333,0.5,1,179900
0.3646195442255697,0.5,0.3333333333333333,0.5,1,165500
0.14986481266898416,0.25,0.3333333333333333,0.5,1,277500
1.5264580919273851,0.5,0.3333333333333333,0.5,1,309000
-0.567014291232136,0.375,0.3333333333333333,0.5,1,145000
-0.25801467748165313,0.375,0.3333333333333333,0.625,1,153000
-0.6288142139822325,0.375,0.3333333333333333,0.75,1,109000
-0.4820393974507532,0.25,0.6666666666666666,0.5,0,82000
-0.21629972962533803,0.375,0.3333333333333333,0.5,1,160000
-0.21011973735032832,0.25,0.3333333333333333,0.625,1,170000
-0.8960988798764001,0.25,0.3333333333333333,0.75,1,144000
-0.8126689841637698,0.375,0.3333333333333333,0.625,1,130250
-0.485129393588258,0.375,0.3333333333333333,0.625,1,141000
0.4449594438006952,0.25,0.3333333333333333,0.5,1,319900
1.0583236770954036,0.125,0.3333333333333333,0.5,1,239686
0.2966396292004635,0.375,0.3333333333333333,0.5,1,249700
-0.01853997682502897,0.25,1.0,0.5,1,113000
-0.7864040169949787,0.375,0.3333333333333333,0.75,1,127000
0.009269988412514484,0.375,0.3333333333333333,0.625,1,177000
-0.4449594438006952,0.375,0.3333333333333333,0.625,1,114500
-1.0011587485515645,0.25,0.3333333333333333,0.5,0,110000
0.5840092699884125,0.0,0.3333333333333333,0.5,1,385000
-0.16067979915025107,0.375,0.3333333333333333,0.5,1,130000
-0.06025492468134415,0.375,0.3333333333333333,0.5,1,180500
0.4248744689069139,0.375,0.3333333333333333,0.5,1,172500
0.395519505600618,0.375,0.3333333333333333,0.5,1,196500
2.2881421398223254,0.375,0.3333333333333333,0.5,1,438780
-1.0567786790266511,0.25,0.3333333333333333,0.75,1,124900
-0.4727694090382387,0.375,0.3333333333333333,0.5,1,158000
-0.5453843182696022,0.375,0.3333333333333333,0.75,0,101000
-0.14522981846272692,0.25,0.3333333333333333,0.5,1,202500
0.38006952491309387,0.375,0.3333333333333333,0.625,1,140000
0.880648899188876,0.375,0.3333333333333333,0.5,1,219500
1.5589030513711857,0.5,0.3333333333333333,0.5,1,317000
1.1479335650830436,0.375,0.3333333333333333,0.5,1,180000
0.02317497103128621,0.375,0.3333333333333333,0.5,1,226000
-1.1077636152954808,0.25,0.3333333333333333,0.625,1,80000
1.2715334105832368,0.375,0.3333333333333333,0.375,1,225000
1.1726535341830824,0.375,0.3333333333333333,0.625,1,244000
-0.9563538045577444,0.25,0.3333333333333333,0.625,1,129500
0.3924295094631132,0.375,0.3333333333333333,0.5,1,185000
-0.5840092699884125,0.375,0.3333333333333333,0.75,1,144900
0.2178447276940904,0.375,0.6666666666666666,0.625,0,107400
-0.7354190807261491,0.25,0.3333333333333333,0.5,1,91000
-0.791039011201236,0.25,0.3333333333333333,0.75,1,135750
-0.2765546543066821,0.25,0.3333333333333333,0.5,1,127000
0.4696794129007339,0.5,0.6666666666666666,0.5,0,136500
-0.3615295480880649,0.25,0.3333333333333333,0.625,1,110000
1.0475086906141369,0.5,0.3333333333333333,0.625,1,193500
-0.19621475473155656,0.25,0.3333333333333333,0.5,1,153500
0.15295480880648898,0.375,0.3333333333333333,0.5,1,245000
-0.6164542294322132,0.375,0.3333333333333333,0.5,1,126500
0.01544998068752414,0.375,0.3333333333333333,0.5,1,168500
1.4723831595210506,0.5,0.3333333333333333,0.5,1,260000
0.14831981460023175,0.375,0.3333333333333333,0.5,1,174000
-0.3707995365005794,0.25,0.3333333333333333,0.5,1,164500
0.09578988026264967,0.25,0.3333333333333333,0.125,0,85000
-0.7323290845886443,0.375,0.3333333333333333,0.5,1,123600
-0.6550791811510236,0.25,0.3333333333333333,0.5,1,109900
-0.3538045577443028,0.25,0.3333333333333333,0.25,1,98600
-0.772499034376207,0.25,0.3333333333333333,0.75,1,163500
1.2777134028582464,0.5,0.6666666666666666,0.625,0,133900
0.4974893781382773,0.375,0.3333333333333333,0.5,1,204750
0.009269988412514484,0.375,0.3333333333333333,0.875,1,185000
0.19157976052529926,0.375,0.3333333333333333,0.5,1,214000
-0.7786790266512167,0.375,0.3333333333333333,0.5,1,94750
-0.9718037852452684,0.25,0.3333333333333333,0.5,0,83000
-0.36925453843182704,0.375,0.3333333333333333,0.5,1,128950
0.22556971803785245,0.375,0.3333333333333333,0.75,1,205000
0.4140594824256469,0.375,0.3333333333333333,0.5,1,178000
0.1096948628814214,0.5,0.6666666666666666,0.5,1,118964
-0.36770954036307457,0.375,0.3333333333333333,0.5,1,198900
0.5469293163383546,0.5,0.3333333333333333,0.375,1,169500
0.8157589803012746,0.375,0.3333333333333333,0.5,1,250000
-0.6442641946697567,0.25,0.3333333333333333,0.75,1,100000
-1.0428736964078795,0.25,0.3333333333333333,0.5,1,115000
0.08188489764387795,0.375,0.3333333333333333,0.75,0,115000
0.5870992661259173,0.375,0.3333333333333333,0.625,1,190000
0.6040942448821939,0.5,0.3333333333333333,0.375,1,136900
-0.05252993433758208,0.375,0.3333333333333333,0.5,1,180000
1.9034376207029744,0.5,0.3333333333333333,0.5,1,383970
1.2282734646581692,0.375,0.3333333333333333,0.5,1,217000
1.3225183468520665,0.375,0.3333333333333333,0.875,1,259500
-0.009269988412514484,0.25,0.3333333333333333,0.5,1,176000
-0.5747392815758979,0.375,0.3333333333333333,0.5,1,139000
-0.5237543453070683,0.25,0.3333333333333333,0.5,1,155000
2.716106604866744,0.625,0.3333333333333333,0.5,1,320000
-0.012359984550019312,0.375,0.3333333333333333,0.5,1,163990
-0.7354190807261491,0.125,0.3333333333333333,0.5,1,180000
-0.5268443414445731,0.375,0.3333333333333333,0.5,1,100000
-0.593279258400927,0.375,0.3333333333333333,0.75,1,136000
-0.4094244882193897,0.25,0.3333333333333333,0.5,1,153900
0.18848976438779447,0.375,0.3333333333333333,0.5,1,181000
-1.096948628814214,0.25,0.3333333333333333,0.875,0,84500
-0.7817690227887215,0.25,0.3333333333333333,0.5,1,128000
-0.9640787949015064,0.375,0.3333333333333333,0.75,1,87000
-0.17921977597528002,0.375,0.3333333333333333,0.5,1,155000
-0.6349942062572422,0.375,0.3333333333333333,0.75,1,150000
1.070683661645423,0.5,0.3333333333333333,0.625,1,226000
0.9115488605639244,0.375,0.3333333333333333,0.5,1,244000
-0.2116647354190808,0.375,0.3333333333333333,0.625,1,150750
-0.25955967555040554,0.25,0.3333333333333333,0.5,1,220000
0.3970645036693704,0.375,0.3333333333333333,0.625,1,180000
0.3368095789880263,0.375,0.3333333333333333,0.625,1,174000
-0.3862495171881035,0.375,0.3333333333333333,0.5,1,143000
0.764774044032445,0.625,0.6666666666666666,0.5,1,171000
0.5994592506759366,0.375,0.3333333333333333,0.5,1,230000
0.4634994206257242,0.375,0.3333333333333333,0.5,1,231500
-0.9269988412514484,0.375,0.3333333333333333,0.5,1,115000
0.4171494785631518,0.375,0.3333333333333333,0.5,1,260000
-0.12205484743144072,0.5,0.3333333333333333,0.375,1,166000
0.057164928543839325,0.375,0.3333333333333333,0.5,1,204000
0.4078794901506373,0.75,0.6666666666666666,0.5,1,125000
0.3785245268443415,0.375,0.3333333333333333,0.5,1,130000
-0.9100038624951718,0.25,0.3333333333333333,0.75,1,105000
0.8821938972576284,0.375,0.3333333333333333,0.5,1,222500
-0.593279258400927,0.375,0.3333333333333333,0.5,1,141000
-0.1853997682502897,0.375,0.3333333333333333,0.375,1,115000
-0.764774044032445,0.375,0.3333333333333333,0.625,1,122000
0.38006952491309387,0.25,0.3333333333333333,0.5,1,372402
0.817303978370027,0.5,0.3333333333333333,0.5,1,190000
-0.3275395905755118,0.125,0.3333333333333333,0.75,1,235000
-0.4078794901506373,0.5,0.3333333333333333,0.5,1,125000
-0.5685592893008884,0.25,0.3333333333333333,0.5,0,79000
-0.6550791811510236,0.25,0.3333333333333333,0.75,1,109500
0.7786790266512167,0.5,0.3333333333333333,0.5,1,269500
0.7462340672074158,0.375,0.3333333333333333,0.5,1,254900
1.5419080726149093,0.5,0.3333333333333333,0.5,1,320000
-0.35843955195056004,0.375,0.3333333333333333,0.625,1,162500
1.8601776747779064,0.375,0.3333333333333333,0.5,1,412500
0.11896485129393587,0.375,0.3333333333333333,0.5,1,220000
-0.899188876013905,0.125,0.3333333333333333,0.625,1,103200
0.2348397064503669,0.375,0.3333333333333333,0.75,1,152000
-0.16840478949401316,0.5,0.6666666666666666,0.75,1,127500
0.6226342217072228,0.25,0.3333333333333333,0.5,1,190000
1.0768636539204326,0.375,0.3333333333333333,0.5,1,325624
0.395519505600618,0.375,0.3333333333333333,0.5,1,183500
0.37543453070683663,0.25,0.3333333333333333,0.625,1,228000
-0.12668984163769795,0.25,0.3333333333333333,0.625,1,128500
0.2966396292004635,0.375,0.3333333333333333,0.5,1,215000
0.4681344148319815,0.25,0.3333333333333333,0.75,1,239000
-0.15758980301274622,0.375,0.3333333333333333,0.5,1,163000
0.28891463885670143,0.375,0.3333333333333333,0.5,1,184000
1.0722286597141752,0.5,0.3333333333333333,0.75,1,243000
0.9208188489764388,0.5,0.3333333333333333,0.5,1,211000
0.7045191193511008,0.5,0.3333333333333333,0.5,1,172500
1.1896485129393588,0.125,0.3333333333333333,0.5,1,501837
-0.7663190421011974,0.25,0.3333333333333333,0.625,1,100000
0.09424488219389726,0.375,0.3333333333333333,0.5,1,177000
0.5222093472383159,0.5,0.3333333333333333,0.625,1,200100
-0.19157976052529926,0.375,0.3333333333333333,0.625,1,120000
0.9548088064889921,0.375,0.3333333333333333,0.5,1,200000
-0.3275395905755118,0.375,0.3333333333333333,0.875,1,127000
3.3124758594051755,0.5,0.3333333333333333,1.0,1,475000
-0.3816145229818463,0.375,0.3333333333333333,0.5,1,173000
0.2966396292004635,0.375,0.3333333333333333,0.75,1,135000
-0.3707995365005794,0.25,0.6666666666666666,0.5,1,153337
0.1993047508690614,0.0,0.3333333333333333,0.5,1,286000
1.951332560834299,0.375,0.3333333333333333,0.875,1,315000
0.02317497103128621,0.5,0.3333333333333333,1.0,1,184000
-0.05098493626882966,0.375,0.3333333333333333,0.5,1,192000
0.3785245268443415,0.375,0.3333333333333333,0.5,1,130000
-0.9269988412514484,0.375,0.3333333333333333,0.75,1,127000
-0.012359984550019312,0.375,0.3333333333333333,0.625,1,148500
0.4047894940131325,0.375,0.3333333333333333,0.5,1,311872
2.5461568173039786,0.5,0.3333333333333333,0.375,1,235000
1.1819235225955969,0.625,0.3333333333333333,0.625,1,104000
0.3847045191193511,0.375,0.3333333333333333,0.5,1,274900
-0.5299343375820779,0.25,0.3333333333333333,0.5,1,140000
-0.2858246427191966,0.375,0.3333333333333333,0.625,1,171500
-0.2379297025878717,0.25,0.3333333333333333,0.625,1,112000
-0.9517188103514872,0.125,0.3333333333333333,0.5,1,149000
-0.2780996523754345,0.25,0.3333333333333333,0.75,1,110000
-0.03398995751255311,0.375,0.3333333333333333,0.5,1,180500
0.35843955195056004,0.375,0.3333333333333333,0.5,1,143900
-0.5623792970258787,0.375,0.3333333333333333,0.5,1,141000
0.9239088451139436,0.375,0.3333333333333333,0.5,1,277000
-0.5747392815758979,0.375,0.3333333333333333,0.75,1,145000
-0.9269988412514484,0.25,0.3333333333333333,0.625,0,98000
-0.3893395133256083,0.375,0.3333333333333333,0.5,1,186000
0.5994592506759366,0.375,0.3333333333333333,0.5,1,252678
-0.7323290845886443,0.375,0.3333333333333333,0.5,1,156000
-0.1112398609501738,0.375,0.3333333333333333,0.75,1,161750
-0.3522595596755504,0.25,0.3333333333333333,0.625,1,134450
-0.04325994592506759,0.375,0.3333333333333333,0.5,1,210000
-0.21011973735032832,0.375,0.3333333333333333,0.375,0,107000
0.7570490536886829,0.375,0.3333333333333333,1.0,1,311500
-0.33371958285052145,0.25,0.3333333333333333,0.5,1,167240
0.05252993433758208,0.25,0.3333333333333333,0.5,1,204900
1.2406334492081883,0.5,0.3333333333333333,0.5,1,200000
0.13595983005021245,0.375,0.3333333333333333,0.625,1,179900
-0.9269988412514484,0.25,0.3333333333333333,0.625,1,97000
1.4337582078022402,0.375,0.3333333333333333,0.5,1,386250
-0.2502896871378911,0.375,0.3333333333333333,0.5,1,112000
1.6315179606025492,0.5,0.3333333333333333,0.5,1,290000
-0.7369640787949016,0.25,0.3333333333333333,0.625,1,106000
-0.8528389339513326,0.375,0.3333333333333333,0.5,1,125000
0.14059482425646969,0.25,0.3333333333333333,0.5,1,192500
-0.4171494785631518,0.375,0.3333333333333333,0.625,1,148000
2.054847431440711,0.5,0.3333333333333333,0.5,1,403000
-0.7369640787949016,0.25,0.3333333333333333,0.5,1,94500
-0.880648899188876,0.375,0.3333333333333333,0.625,1,128200
0.7663190421011974,0.5,0.3333333333333333,0.5,1,216500
-0.7369640787949016,0.25,0.3333333333333333,0.25,1,89500
-0.0772499034376207,0.375,0.3333333333333333,0.5,1,185500
0.43259945925067605,0.375,0.3333333333333333,0.75,1,194500
0.3553495558130552,0.375,0.3333333333333333,0.5,1,318000
0.035534955581305525,0.375,0.3333333333333333,0.375,1,113000
0.15758980301274622,0.375,0.3333333333333333,0.5,1,262500
-0.9239088451139436,0.25,0.3333333333333333,1.0,1,110500
-0.03707995365005794,0.375,0.3333333333333333,0.375,0,79000
-0.3816145229818463,0.375,0.3333333333333333,0.625,1,120000
0.9980687524140596,0.375,0.3333333333333333,0.5,1,205000
0.6303592120509849,0.375,0.3333333333333333,0.5,1,241500
0.7168791039011201,0.5,0.6666666666666666,0.875,0,137000
-0.13750482811896486,0.25,0.3333333333333333,0.5,1,140000
0.31517960602549244,0.375,0.3333333333333333,0.5,1,180000
1.0505986867516417,0.5,0.3333333333333333,0.75,1,277000
-0.24410969486288145,0.375,0.3333333333333333,0.125,1,76500
0.24874468906913866,0.25,0.3333333333333333,0.5,1,235000
0.2719196601004249,0.375,0.3333333333333333,0.5,1,173000
-0.2502896871378911,0.375,0.3333333333333333,0.75,1,158000
-0.2317497103128621,0.375,0.3333333333333333,0.625,1,145000
1.2777134028582464,0.5,0.3333333333333333,0.5,1,230000
0.4078794901506373,0.375,0.3333333333333333,0.5,1,207500
0.21629972962533803,0.375,0.3333333333333333,0.5,1,220000
0.5067593665507918,0.375,0.3333333333333333,0.5,1,231500
-0.899188876013905,0.25,0.3333333333333333,0.5,1,97000
-0.12668984163769795,0.375,0.3333333333333333,0.5,1,176000
1.7149478563151797,0.375,0.3333333333333333,0.5,1,276000
-0.3893395133256083,0.375,0.3333333333333333,0.75,1,151000
-0.2286597141753573,0.375,0.3333333333333333,0.75,1,130000
-1.08149864812669,0.25,0.3333333333333333,0.5,0,73000
-0.06488991888760139,0.375,0.3333333333333333,0.625,1,175500
0.07261490923136346,0.375,0.3333333333333333,0.5,1,185000
1.1247585940517577,0.5,0.3333333333333333,0.875,1,179500
-1.0598686751641555,0.25,0.3333333333333333,0.625,1,120500
-0.5422943221320974,0.375,0.3333333333333333,0.75,1,148000
0.7338740826573967,0.375,0.3333333333333333,0.5,1,266000
-0.1560448049439938,0.25,0.3333333333333333,0.75,1,241500
1.2452684434144456,0.5,0.3333333333333333,0.75,1,290000
0.25955967555040554,0.375,0.3333333333333333,0.625,1,139000
-1.0011587485515645,0.25,0.3333333333333333,0.75,1,124500
0.12977983777520274,0.375,0.3333333333333333,0.75,0,205000
0.14831981460023175,0.375,0.3333333333333333,0.5,1,201000
-0.9269988412514484,0.25,0.3333333333333333,0.5,1,141000
1.015063731170336,0.375,0.3333333333333333,0.5,1,415298
0.8621089223638471,0.5,0.3333333333333333,0.5,1,192000
0.8003089996137505,0.375,0.3333333333333333,0.625,1,228500
-0.3120896098879876,0.25,0.3333333333333333,0.5,1,185000
-0.2317497103128621,0.25,0.3333333333333333,0.5,1,207500
0.006179992275009656,0.375,0.3333333333333333,0.5,1,244600
0.17149478563151796,0.25,0.3333333333333333,0.5,1,179200
-0.3306295867130166,0.25,0.3333333333333333,0.5,1,164700
0.4171494785631518,0.375,0.3333333333333333,0.75,1,159000
-0.936268829663963,0.375,0.3333333333333333,0.375,1,88000
-0.8713789107763615,0.375,0.3333333333333333,0.5,1,122000
-0.10505986867516416,0.375,0.3333333333333333,0.75,1,153575
0.7029741212823484,0.375,0.3333333333333333,0.5,1,233230
0.3893395133256083,0.75,0.3333333333333333,0.625,0,135900
0.3893395133256083,0.375,0.3333333333333333,0.375,1,131000
1.2344534569331789,0.375,0.3333333333333333,0.75,1,235000
0.2780996523754345,0.375,0.3333333333333333,0.5,1,167000
-0.7122441096948628,0.375,0.3333333333333333,0.625,1,142500
0.14522981846272692,0.5,0.3333333333333333,0.5,1,152000
0.7508690614136733,0.375,0.3333333333333333,0.5,1,239000
0.4310544611819235,0.375,0.3333333333333333,0.625,1,175000
-0.4820393974507532,0.375,0.3333333333333333,0.875,1,158500
-0.197759752800309,0.25,0.3333333333333333,0.5,1,157000
1.5264580919273851,0.5,0.3333333333333333,0.5,1,267000
0.11896485129393587,0.375,0.3333333333333333,0.5,1,205000
-0.880648899188876,0.375,0.3333333333333333,0.75,1,149900
3.134801081498648,0.375,0.3333333333333333,1.0,1,295000
0.8281189648512939,0.375,0.3333333333333333,0.5,1,305900
1.2035534955581306,0.5,0.3333333333333333,0.5,1,225000
-0.08960988798764001,0.375,0.3333333333333333,0.75,1,89500
-0.9316338354577056,0.125,0.3333333333333333,0.5,1,82500
0.7415990730011588,0.375,0.3333333333333333,0.5,1,360000
0.057164928543839325,0.375,0.3333333333333333,0.5,1,165600
-0.7601390498261877,0.25,0.3333333333333333,0.625,1,132000
-0.5345693317883352,0.375,0.3333333333333333,0.75,1,119900
0.8837388953263808,0.375,0.3333333333333333,0.5,1,375000
0.2734646581691773,0.375,0.3333333333333333,0.75,1,178000
-0.04943993820007725,0.375,0.3333333333333333,0.5,1,188500
1.3735032831208962,0.5,0.3333333333333333,0.75,1,260000
0.764774044032445,0.375,0.3333333333333333,0.5,1,270000
1.826187717265353,0.5,0.3333333333333333,0.5,1,260000
0.012359984550019312,0.375,0.3333333333333333,0.5,1,187500
1.7489378138277327,0.5,0.3333333333333333,0.5,1,342643
1.5511780610274235,0.5,0.3333333333333333,0.5,1,354000
1.955967555040556,0.5,0.3333333333333333,0.5,1,301000
-0.4650444186944767,0.375,0.3333333333333333,0.875,1,126175
2.3391270760911547,0.625,0.3333333333333333,0.75,1,242000
-1.0212437234453458,0.25,0.3333333333333333,0.625,0,87000
0.3939745075318656,0.125,0.3333333333333333,0.5,1,324000
-0.12514484356894556,0.375,0.3333333333333333,0.5,1,145250
1.0351487060641174,0.625,0.3333333333333333,0.625,0,214500
-0.4202394747006567,0.375,0.3333333333333333,0.5,0,78000
0.4078794901506373,0.75,0.6666666666666666,0.375,1,119000
-0.6303592120509849,0.375,0.3333333333333333,0.625,1,139000
0.2549246813441483,0.375,0.3333333333333333,0.5,1,284000
-0.1637697952877559,0.25,0.3333333333333333,0.5,1,207000
0.2688296639629201,0.375,0.3333333333333333,0.5,1,192000
0.4974893781382773,0.375,0.3333333333333333,0.625,1,228950
0.7076091154886056,0.375,0.3333333333333333,0.5,1,377426
0.1112398609501738,0.375,0.3333333333333333,0.5,1,214000
0.242564696794129,0.375,0.3333333333333333,0.75,1,202500
-0.3847045191193511,0.375,0.3333333333333333,0.75,1,155000
0.6859791425260718,0.5,0.3333333333333333,0.5,1,202900
-0.962533796832754,0.25,0.3333333333333333,0.375,1,82000
-0.6550791811510236,0.25,0.6666666666666666,0.375,0,87500
0.3398995751255311,0.25,0.3333333333333333,0.5,1,266000
-0.5438393202008498,0.375,0.3333333333333333,0.25,1,85000
0.17458478176902278,0.375,0.3333333333333333,0.5,1,140200
-0.7817690227887215,0.25,0.3333333333333333,0.875,1,151500
0.0216299729625338,0.375,0.3333333333333333,0.5,1,157500
0.2502896871378911,0.25,0.3333333333333333,0.5,1,154000
1.952877558903052,0.5,0.3333333333333333,0.5,1,437154
0.6257242178447276,0.25,0.3333333333333333,0.5,1,318061
-0.016994978756276556,0.25,0.3333333333333333,0.5,1,190000
-0.5453843182696022,0.375,0.3333333333333333,0.625,0,95000
-1.149478563151796,0.25,0.3333333333333333,0.875,1,105900
0.20239474700656626,0.25,0.3333333333333333,0.5,1,140000
-0.4078794901506373,0.375,0.3333333333333333,0.5,1,177500
-0.458864426419467,0.375,0.3333333333333333,0.625,1,173000
-0.4974893781382773,0.375,0.3333333333333333,0.5,1,134000
-0.17303978370027034,0.375,0.3333333333333333,0.375,1,130000
0.7106991116261104,0.375,0.3333333333333333,0.5,1,280000
-0.8528389339513326,0.25,0.3333333333333333,0.625,1,156000
0.06334492081884897,0.375,0.3333333333333333,0.5,1,145000
0.7076091154886056,0.5,0.3333333333333333,0.5,1,198500
-0.7369640787949016,0.25,0.3333333333333333,0.875,1,118000
0.16994978756276555,0.375,0.3333333333333333,0.5,1,190000
-0.1853997682502897,0.375,0.3333333333333333,0.75,1,147000
-0.10814986481266901,0.375,0.3333333333333333,0.5,1,159000
-0.05098493626882966,0.375,0.3333333333333333,0.5,1,165000
-0.30281962147547314,0.25,0.3333333333333333,0.625,1,132000
-0.2734646581691773,0.375,0.3333333333333333,0.75,1,162000
0.3089996137504828,0.375,0.3333333333333333,0.5,1,172400
0.19157976052529926,0.5,0.3333333333333333,0.375,1,134432
-1.1000386249517191,0.25,0.3333333333333333,0.5,1,125000
-0.22402471996910006,0.375,0.3333333333333333,0.625,1,123000
0.7168791039011201,0.5,0.3333333333333333,0.5,1,219500
-0.8651989185013519,0.125,0.3333333333333333,0.0,0,61000
-0.8497489378138278,0.25,0.3333333333333333,0.5,1,148000
1.548088064889919,0.5,0.3333333333333333,0.5,1,340000
0.6056392429509463,0.125,0.3333333333333333,0.125,1,394432
0.5191193511008111,0.375,0.3333333333333333,0.5,1,179000
0.35071456160679804,0.375,0.3333333333333333,0.625,1,127000
-0.2518346852066435,0.25,0.3333333333333333,0.5,1,187750
0.5144843568945539,0.375,0.3333333333333333,0.5,1,213500
-1.0505986867516417,0.25,0.3333333333333333,0.25,0,76000
0.7555040556199305,0.375,0.3333333333333333,0.5,1,240000
-0.30127462340672073,0.25,0.3333333333333333,0.5,1,192000
-0.43259945925067605,0.625,0.3333333333333333,0.25,1,81000
-0.5237543453070683,0.375,0.3333333333333333,0.625,1,125000
0.02317497103128621,0.375,0.3333333333333333,0.5,1,191000
1.3410583236770954,0.375,0.3333333333333333,0.5,1,426000
-0.14986481266898416,0.5,0.3333333333333333,0.875,1,119000
0.7678640401699498,0.375,0.3333333333333333,0.5,1,215000
-0.899188876013905,0.375,0.3333333333333333,0.75,1,106500
-1.0444186944766318,0.25,0.3333333333333333,0.5,1,100000
-0.6643491695635381,0.25,0.3333333333333333,0.625,1,109000
-0.4943993820007725,0.375,0.3333333333333333,0.625,1,129000
-0.880648899188876,0.25,0.3333333333333333,0.5,1,123000
0.5376593279258401,0.5,0.3333333333333333,0.5,1,169500
-0.5979142526071842,0.25,0.3333333333333333,0.125,1,67000
0.1328698339127076,0.25,0.3333333333333333,0.5,1,241000
-0.2719196601004249,0.125,0.3333333333333333,0.5,1,245500
-0.2379297025878717,0.375,0.3333333333333333,0.5,1,164990
-1.223638470451912,0.25,0.3333333333333333,0.875,1,108000
1.2344534569331789,0.5,0.3333333333333333,0.5,1,258000
0.16685979142526072,0.375,0.3333333333333333,0.5,1,168000
0.2410196987253766,0.375,0.3333333333333333,0.375,1,150000
0.2703746620316725,0.375,0.3333333333333333,0.5,1,115000
0.33371958285052145,0.5,0.3333333333333333,0.75,1,177000
1.0938586326767092,0.375,0.3333333333333333,0.5,1,280000
0.9486288142139824,0.375,0.3333333333333333,0.5,1,339750
-0.29045963692545385,0.375,0.3333333333333333,0.25,1,60000
-0.6303592120509849,0.375,0.3333333333333333,0.5,0,145000
0.0216299729625338,0.25,0.3333333333333333,0.5,1,222000
-0.6736191579760525,0.25,0.3333333333333333,0.625,1,115000
0.977983777520278,0.375,0.3333333333333333,0.5,1,228000
-0.19157976052529926,0.375,0.3333333333333333,0.5,1,181134
-0.0988798764001545,0.375,0.3333333333333333,0.75,1,149500
1.7921977597528005,0.5,0.3333333333333333,0.625,0,239000
-0.5098493626882966,0.375,0.3333333333333333,0.625,0,126000
-0.6303592120509849,0.375,0.3333333333333333,0.625,1,142000
-0.1853997682502897,0.25,0.6666666666666666,0.5,1,206300
0.21320973348783315,0.375,0.3333333333333333,0.75,1,215000
-0.7354190807261491,0.25,0.3333333333333333,0.5,1,113000
1.8014677481653147,0.5,0.3333333333333333,0.5,1,315000
-0.4140594824256469,0.25,0.3333333333333333,0.5,1,139000
-0.11587485515643105,0.375,0.3333333333333333,0.875,1,135000
0.2780996523754345,0.25,0.3333333333333333,0.5,1,275000
-0.8605639242950947,0.375,0.3333333333333333,0.625,1,109008
-0.395519505600618,0.25,0.3333333333333333,0.5,1,195400
-0.08033989957512554,0.375,0.3333333333333333,0.5,1,175000
-0.7369640787949016,0.25,0.3333333333333333,0.5,1,85400
-0.4109694862881421,0.5,0.3333333333333333,0.75,1,79900
-0.15295480880648898,0.25,0.3333333333333333,0.5,1,122500
0.21629972962533803,0.375,0.3333333333333333,0.5,1,181000
-1.2885283893395134,0.125,0.3333333333333333,0.75,1,81000
0.3043646195442256,0.375,0.3333333333333333,0.625,1,212000
-0.5345693317883352,0.25,0.3333333333333333,0.875,1,116000
-0.8651989185013519,0.25,0.3333333333333333,0.75,1,119000
-1.1896485129393588,0.25,0.3333333333333333,0.625,0,90350
-0.4140594824256469,0.375,0.3333333333333333,0.875,1,110000
1.4492081884897643,0.25,0.3333333333333333,0.5,1,555000
-0.03707995365005794,0.5,0.6666666666666666,0.375,0,118000
0.16840478949401316,0.375,0.3333333333333333,0.75,1,162900
-0.3182696021629973,0.25,0.3333333333333333,0.5,1,172500
0.6859791425260718,0.5,0.3333333333333333,0.5,1,210000
0.3476245654692932,0.375,0.3333333333333333,0.5,1,127500
0.6550791811510236,0.25,0.3333333333333333,0.625,1,190000
0.6519891850135188,0.5,0.3333333333333333,0.5,1,199900
-0.13595983005021245,0.375,0.3333333333333333,0.625,1,119500
-0.4341444573194284,0.25,0.3333333333333333,0.75,1,120000
-1.0057937427578216,0.25,0.3333333333333333,0.875,1,110000
0.10660486674391656,0.25,0.3333333333333333,0.5,1,280000
0.4511394360757049,0.375,0.3333333333333333,0.5,1,204000
0.19466975666280412,0.375,0.3333333333333333,0.5,1,210000
0.4078794901506373,0.5,0.6666666666666666,0.5,1,188000
-0.3429895712630359,0.375,0.3333333333333333,0.625,1,175500
-0.1853997682502897,0.5,0.3333333333333333,0.5,0,98000
0.3074546156817304,0.25,0.3333333333333333,0.625,1,256000
0.3120896098879876,0.375,0.3333333333333333,0.75,1,161000
-0.4032444959443801,0.375,0.3333333333333333,0.375,1,110000
0.7276940903823871,0.375,0.3333333333333333,0.5,1,263435
-0.5083043646195442,0.375,0.3333333333333333,1.0,1,155000
-0.9269988412514484,0.375,0.3333333333333333,0.5,1,62383
0.30281962147547314,0.375,0.3333333333333333,0.75,1,188700
-0.6550791811510236,0.375,0.3333333333333333,0.5,1,124000
-0.0772499034376207,0.25,0.3333333333333333,0.5,1,178740
-0.28891463885670143,0.25,0.3333333333333333,0.5,1,167000
0.2780996523754345,0.375,0.3333333333333333,0.75,1,146500
0.2626496716879104,0.375,0.3333333333333333,0.5,1,250000
0.38006952491309387,0.375,0.3333333333333333,0.5,1,187000
0.05870992661259174,0.125,0.3333333333333333,0.5,1,212000
0.7802240247199691,0.375,0.3333333333333333,0.625,1,190000
-0.6056392429509463,0.25,0.3333333333333333,0.5,1,148000
0.791039011201236,0.25,0.3333333333333333,0.5,1,440000
0.29045963692545385,0.25,0.3333333333333333,0.5,1,251000
-0.7632290459636926,0.25,0.3333333333333333,0.625,1,132500
0.044804943993820005,0.375,0.3333333333333333,0.5,1,208900
1.821552723059096,0.375,0.3333333333333333,0.5,1,380000
0.3924295094631132,0.375,0.3333333333333333,0.5,1,297000
-0.5144843568945539,0.25,0.3333333333333333,0.75,1,89471
0.5963692545384318,0.375,0.3333333333333333,0.5,1,326000
0.5067593665507918,0.25,0.3333333333333333,0.5,1,374000
0.5592893008883739,0.5,0.3333333333333333,0.875,1,155000
-0.3831595210505987,0.25,0.3333333333333333,0.5,1,164000
-0.7184241019698725,0.375,0.3333333333333333,0.75,1,132500
-0.5422943221320974,0.375,0.3333333333333333,0.75,1,147000
-0.6040942448821939,0.375,0.3333333333333333,0.75,1,156000
0.03089996137504828,0.375,0.3333333333333333,0.625,1,175000
1.4677481653147937,0.375,0.6666666666666666,0.375,0,160000
-1.2885283893395134,0.125,0.3333333333333333,0.875,1,86000
-0.24719969100038625,0.375,0.3333333333333333,0.625,1,115000
0.1761297798377752,0.375,0.3333333333333333,0.75,1,133000
-0.012359984550019312,0.375,0.3333333333333333,0.5,1,172785
-0.30127462340672073,0.375,0.3333333333333333,0.625,1,155000
-0.8930088837388953,0.25,0.3333333333333333,0.875,1,91300
-1.149478563151796,0.25,0.3333333333333333,0.5,0,34900
2.7253765932792584,0.5,0.3333333333333333,0.5,1,430000
0.5500193124758594,0.5,0.3333333333333333,0.625,1,184000
-0.872923908845114,0.375,0.3333333333333333,0.75,1,130000
-0.8528389339513326,0.25,0.3333333333333333,0.75,1,120000
-0.38006952491309387,0.375,0.3333333333333333,0.5,1,113000
0.4696794129007339,0.375,0.3333333333333333,0.5,1,226700
-0.3862495171881035,0.25,0.3333333333333333,0.75,1,140000
0.5206643491695635,0.125,0.3333333333333333,0.875,1,289000
-0.2193897257628428,0.375,0.3333333333333333,0.5,1,147000
0.7663190421011974,0.5,0.6666666666666666,0.5,1,124500
0.6906141367323291,0.375,0.3333333333333333,0.5,1,215000
-0.38006952491309387,0.25,0.3333333333333333,0.5,1,208300
-0.1328698339127076,0.375,0.3333333333333333,1.0,1,161000
-0.6535341830822712,0.375,0.3333333333333333,0.625,1,124500
-0.1560448049439938,0.25,0.3333333333333333,0.75,1,164900
-0.14831981460023175,0.25,0.3333333333333333,0.5,1,202665
-0.9269988412514484,0.375,0.3333333333333333,0.5,1,129900
-0.593279258400927,0.375,0.3333333333333333,0.5,1,134000
-1.0428736964078795,0.25,0.3333333333333333,0.5,0,96500
0.8590189262263422,0.375,0.3333333333333333,0.5,1,402861
1.0119737350328313,0.375,0.3333333333333333,0.625,1,158000
1.3595983005021244,0.375,0.3333333333333333,0.5,1,265000
0.5129393588258014,0.375,0.3333333333333333,0.5,1,211000
0.9517188103514872,0.375,0.3333333333333333,1.0,1,234000
-0.2626496716879104,0.375,0.6666666666666666,0.75,0,106250
-0.3398995751255311,0.375,0.3333333333333333,0.625,1,150000
0.3089996137504828,0.375,0.3333333333333333,0.75,1,159000
4.962533796832754,0.375,0.3333333333333333,0.5,1,184750
1.4430281962147546,0.375,0.3333333333333333,0.5,1,315750
-0.305909617612978,0.375,0.3333333333333333,0.5,1,176000
-0.8281189648512939,0.25,0.3333333333333333,0.75,1,132000
1.9297025878717649,0.375,0.3333333333333333,0.5,1,446261
-1.3271533410583236,0.25,0.3333333333333333,0.75,1,86000
1.6237929702587872,0.5,0.6666666666666666,0.25,1,200624
0.06952491309385864,0.375,0.3333333333333333,0.5,1,175000
-0.15758980301274622,0.375,0.3333333333333333,0.875,1,128000
-0.9841637697952876,0.25,0.3333333333333333,0.75,1,107500
-1.745847817690228,0.125,0.3333333333333333,0.25,0,39300
-0.0772499034376207,0.375,0.3333333333333333,0.5,1,178000
-0.18076477404403246,0.375,0.3333333333333333,0.75,1,107500
0.4016994978756277,0.375,0.3333333333333333,0.5,1,188000
-0.9269988412514484,0.375,0.3333333333333333,0.5,1,111250
-0.4712244109694863,0.375,0.3333333333333333,0.5,1,158000
0.2116647354190808,0.375,0.3333333333333333,0.5,1,272000
0.5778292777134029,0.25,0.3333333333333333,0.5,1,315000
1.268443414445732,0.5,0.3333333333333333,0.5,1,248000
0.33371958285052145,0.375,0.3333333333333333,0.5,1,213250
-1.0768636539204326,0.125,0.3333333333333333,0.5,1,133000
0.04943993820007725,0.375,0.3333333333333333,0.5,1,179665
1.1108536114329857,0.5,0.3333333333333333,0.5,1,229000
0.2641946697566628,0.375,0.3333333333333333,0.75,1,210000
-1.0753186558516803,0.25,0.3333333333333333,0.75,1,129500
-0.9872537659327926,0.25,0.3333333333333333,0.75,1,125000
0.9733487833140207,0.5,0.3333333333333333,0.5,1,263000
-0.6102742371572035,0.25,0.3333333333333333,0.625,1,140000
-0.8281189648512939,0.375,0.3333333333333333,0.625,1,112500
0.3908845113943608,0.375,0.3333333333333333,0.5,1,255500
-0.5222093472383159,0.25,0.3333333333333333,0.5,1,108000
0.899188876013905,0.375,0.3333333333333333,0.5,1,284000
-0.6427191966010043,0.25,0.3333333333333333,0.625,1,113000
-0.5747392815758979,0.25,0.3333333333333333,0.5,1,141000
-0.197759752800309,0.375,0.3333333333333333,0.625,1,108000
-0.027809965237543453,0.375,0.3333333333333333,0.5,1,175000
0.1436848203939745,0.25,0.3333333333333333,0.5,1,234000
-0.1112398609501738,0.375,0.3333333333333333,0.625,1,121500
-0.11587485515643105,0.25,0.3333333333333333,0.5,1,170000
-0.7230590961761297,0.375,0.3333333333333333,0.625,1,108000
0.32444959443800697,0.5,0.3333333333333333,0.75,1,185000
1.2838933951332558,0.5,0.3333333333333333,0.5,1,268000
0.2827346465816918,0.5,0.3333333333333333,0.375,0,128000
1.6067979915025106,0.5,0.3333333333333333,0.5,1,325000
0.1096948628814214,0.375,0.3333333333333333,0.5,1,214000
1.0320587099266123,0.125,0.3333333333333333,0.875,1,316600
-0.8049439938200077,0.25,0.3333333333333333,0.5,1,135960
0.4078794901506373,0.75,0.6666666666666666,0.5,1,142600
-0.9269988412514484,0.25,0.3333333333333333,0.625,1,120000
0.3522595596755504,0.375,0.3333333333333333,0.5,1,224500
-0.05252993433758208,0.375,0.3333333333333333,0.5,1,170000
-0.548474314407107,0.375,0.3333333333333333,0.75,1,139000
-0.3831595210505987,0.25,0.3333333333333333,0.5,1,118500
0.020084974893781384,0.375,0.3333333333333333,0.75,1,145000
-0.2224797219003476,0.375,0.3333333333333333,0.625,1,164500
-0.1112398609501738,0.25,0.3333333333333333,0.5,1,146000
0.511394360757049,0.5,0.3333333333333333,0.5,0,131500
-0.054074932406334486,0.375,0.3333333333333333,0.625,1,181900
0.8930088837388953,0.375,0.3333333333333333,0.5,1,253293
-1.0011587485515645,0.375,0.3333333333333333,0.5,1,118500
2.0254924681344137,0.375,0.3333333333333333,1.0,1,325000
0.16840478949401316,0.375,0.3333333333333333,0.75,1,133000
0.8713789107763615,0.25,0.3333333333333333,0.5,1,369900
-0.9671687910390112,0.25,0.3333333333333333,0.75,1,130000
-0.933178833526458,0.25,0.3333333333333333,0.625,1,137000
0.013904982618771726,0.125,0.3333333333333333,0.875,1,143000
-0.817303978370027,0.25,0.3333333333333333,0.625,1,79500
0.18230977211278485,0.375,0.3333333333333333,0.5,1,185900
1.2854383932020086,0.375,0.3333333333333333,0.5,1,451950
-1.0011587485515645,0.25,0.3333333333333333,0.875,1,138000
-0.9517188103514872,0.125,0.3333333333333333,0.5,1,140000
-0.8342989571263036,0.375,0.3333333333333333,0.625,1,110000
0.5592893008883739,0.375,0.3333333333333333,0.5,1,319000
-0.14831981460023175,0.375,0.3333333333333333,0.75,0,114504
-0.09578988026264967,0.25,0.3333333333333333,0.5,1,194201
0.2827346465816918,0.375,0.3333333333333333,0.625,1,217500
0.1421398223252221,0.375,0.3333333333333333,0.625,1,151000
0.6797991502510622,0.375,0.3333333333333333,0.5,1,275000
-0.13750482811896486,0.375,0.3333333333333333,0.625,1,141000
0.6967941290073387,0.375,0.3333333333333333,0.5,1,220000
-0.4078794901506373,0.25,0.3333333333333333,0.5,1,151000
0.046349942062572425,0.375,0.3333333333333333,0.5,1,221000
0.8064889918887601,0.375,0.3333333333333333,0.625,1,205000
-0.6550791811510236,0.375,0.3333333333333333,0.5,1,152000
0.8404789494013133,0.375,0.3333333333333333,0.875,1,225000
2.672846658941676,0.5,0.3333333333333333,0.625,1,359100
-0.6720741599073001,0.375,0.3333333333333333,0.5,1,118500
1.0645036693704133,0.375,0.3333333333333333,0.5,1,313000
-0.6674391657010429,0.375,0.3333333333333333,0.625,1,148000
0.6303592120509849,0.375,0.3333333333333333,0.5,1,261500
-0.5314793356508304,0.375,0.3333333333333333,0.5,1,147000
-1.2885283893395134,0.125,0.3333333333333333,0.625,1,75500
-0.6334492081884897,0.375,0.3333333333333333,0.75,1,137500
0.06952491309385864,0.375,0.3333333333333333,0.5,1,183200
-0.9764387794515256,0.25,0.3333333333333333,0.625,1,105500
0.5623792970258787,0.375,0.3333333333333333,0.5,1,314813
1.2329084588644263,0.5,0.3333333333333333,0.5,1,305000
-0.9269988412514484,0.25,0.3333333333333333,0.25,0,67000
1.7767477790652757,0.5,0.3333333333333333,0.75,1,240000
-0.7477790652761684,0.375,0.3333333333333333,0.625,1,135000
0.07415990730011587,0.25,0.3333333333333333,0.5,1,168500
0.5036693704132871,0.5,0.3333333333333333,0.5,1,165150
-0.5376593279258401,0.375,0.3333333333333333,0.625,1,160000
-0.06488991888760139,0.375,0.3333333333333333,0.5,1,139900
0.08651989185013519,0.375,0.3333333333333333,0.625,1,153000
0.9517188103514872,0.625,0.3333333333333333,0.5,1,135000
-0.1761297798377752,0.375,0.3333333333333333,0.5,1,168500
0.4418694476631904,0.375,0.3333333333333333,0.625,1,124000
0.13904982618771727,0.25,0.3333333333333333,0.5,1,209500
-0.08188489764387795,0.375,0.3333333333333333,0.5,1,82500
-0.6303592120509849,0.375,0.3333333333333333,0.75,1,139400
-0.6303592120509849,0.0,0.6666666666666666,0.5,1,144000
2.9833912707609125,1.0,0.6666666666666666,0.75,1,200000
-1.0258787176516029,0.125,0.3333333333333333,0.25,0,60000
-0.11896485129393587,0.375,0.6666666666666666,0.375,1,93000
-1.0320587099266123,0.25,0.3333333333333333,0.75,1,85000
0.15913480108149866,0.125,0.3333333333333333,0.5,1,264561
0.08342989571263036,0.125,0.3333333333333333,0.5,1,274000
0.7184241019698725,0.375,0.3333333333333333,0.5,1,226000
1.9157976052529933,0.5,0.3333333333333333,0.75,1,345000
0.2410196987253766,0.5,0.3333333333333333,0.5,1,152000
0.466589416763229,0.25,0.3333333333333333,0.5,1,370878
-0.7462340672074158,0.375,0.3333333333333333,0.5,1,143250
-0.6427191966010043,0.375,0.3333333333333333,0.5,1,98300
-0.5716492854383932,0.375,0.3333333333333333,0.5,1,155000
0.5793742757821553,0.5,0.3333333333333333,0.5,1,155000
-1.2885283893395134,0.125,0.3333333333333333,0.625,1,84500
0.3105446118192352,0.375,0.3333333333333333,0.625,1,205950
0.07106991116261105,0.5,0.3333333333333333,0.5,1,108000
0.3893395133256083,0.25,0.3333333333333333,0.5,1,191000
0.00772499034376207,0.375,0.3333333333333333,0.75,1,135000
1.0027037466203168,0.25,0.3333333333333333,0.625,1,350000
-0.5747392815758979,0.375,0.3333333333333333,0.5,1,88000
-0.6349942062572422,0.375,0.3333333333333333,0.75,1,145500
0.05870992661259174,0.375,0.3333333333333333,0.625,1,149000
-0.009269988412514484,0.375,0.3333333333333333,0.5,1,97500
0.03398995751255311,0.375,0.3333333333333333,0.75,1,167000
0.7276940903823871,0.375,0.3333333333333333,0.75,1,197900
1.5202780996523757,0.5,0.3333333333333333,0.75,1,402000
-0.1112398609501738,0.25,0.3333333333333333,0.25,1,110000
-0.4372344534569332,0.375,0.3333333333333333,0.5,1,137500
0.977983777520278,0.125,0.3333333333333333,0.5,1,423000
0.7292390884511394,0.375,0.3333333333333333,0.5,1,230500
1.4152182309772112,0.375,0.3333333333333333,0.5,1,129000
0.33217458478176903,0.375,0.3333333333333333,0.5,1,193500
-0.04171494785631518,0.375,0.3333333333333333,0.625,1,168000
-0.4387794515256856,0.25,0.3333333333333333,0.5,1,137500
0.01853997682502897,0.375,0.3333333333333333,0.5,1,173500
-0.14677481653147936,0.375,0.3333333333333333,0.625,0,103600
-0.395519505600618,0.375,0.3333333333333333,0.625,1,165000
0.5793742757821553,0.375,0.3333333333333333,0.75,1,257500
-0.5067593665507918,0.375,0.3333333333333333,0.625,1,140000
-0.035534955581305525,0.375,0.3333333333333333,0.625,1,148500
0.4789494013132484,0.5,0.6666666666666666,0.125,0,87000
-1.0382387022016222,0.25,0.3333333333333333,0.875,1,109500
0.899188876013905,0.375,0.3333333333333333,0.5,1,372500
-0.7354190807261491,0.375,0.3333333333333333,0.5,1,128500
-0.8358439551950559,0.25,0.3333333333333333,0.5,1,143000
0.08651989185013519,0.375,0.3333333333333333,0.5,1,159434
-0.2672846658941676,0.25,0.3333333333333333,0.5,1,173000
0.31517960602549244,0.375,0.3333333333333333,0.5,1,285000
0.5793742757821553,0.5,0.3333333333333333,0.5,1,221000
0.9671687910390112,0.375,0.3333333333333333,0.5,1,207500
0.458864426419467,0.375,0.3333333333333333,0.625,1,227875
-0.5592893008883739,0.25,0.3333333333333333,0.5,1,148800
-0.06952491309385864,0.25,0.3333333333333333,0.625,1,392000
-0.15758980301274622,0.25,0.3333333333333333,0.5,1,194700
-0.9517188103514872,0.125,0.3333333333333333,0.5,1,141000
4.406334492081885,0.5,0.3333333333333333,0.625,1,755000
1.6299729625337969,0.5,0.3333333333333333,0.5,1,335000
-0.6040942448821939,0.25,0.3333333333333333,0.625,1,108480
0.11587485515643105,0.375,0.3333333333333333,0.625,1,141500
-0.5052143684820394,0.25,0.3333333333333333,0.625,1,176000
-1.3101583623020472,0.25,0.3333333333333333,0.75,1,89000
-0.4882193897257629,0.25,0.3333333333333333,0.75,1,123500
-0.880648899188876,0.375,0.3333333333333333,0.875,1,138500
-0.11278485901892622,0.25,0.3333333333333333,0.5,1,196000
0.5191193511008111,0.375,0.3333333333333333,0.5,1,312500
-0.4634994206257242,0.375,0.3333333333333333,0.5,1,140000
1.7180378524526845,0.5,0.3333333333333333,0.5,1,361919
0.5376593279258401,0.5,0.6666666666666666,1.0,1,140000
0.03089996137504828,0.375,0.3333333333333333,0.5,1,213000
-0.5747392815758979,0.375,0.6666666666666666,0.5,0,55000
0.5561993047508691,0.25,0.3333333333333333,0.5,1,302000
-0.21629972962533803,0.25,0.3333333333333333,0.5,1,254000
-0.012359984550019312,0.375,0.3333333333333333,0.5,1,179540
-0.8651989185013519,0.375,0.3333333333333333,0.75,1,109900
-1.1355735805330245,0.25,0.3333333333333333,0.625,1,52000
-0.4418694476631904,0.25,0.3333333333333333,0.75,1,102776
-0.3646195442255697,0.25,0.3333333333333333,0.5,1,189000
-0.7786790266512167,0.375,0.3333333333333333,0.5,0,129000
0.02317497103128621,0.375,0.3333333333333333,0.875,1,130500
-0.1761297798377752,0.375,0.3333333333333333,0.5,1,165000
1.6840478949401314,0.375,0.3333333333333333,0.875,1,159500
-0.4418694476631904,0.375,0.3333333333333333,0.625,1,157000
1.4739281575898031,0.375,0.3333333333333333,0.5,1,341000
-0.7616840478949402,0.375,0.3333333333333333,0.625,1,128500
0.4295094631131711,0.25,0.3333333333333333,0.5,1,275000
-0.9517188103514872,0.125,0.3333333333333333,0.5,1,143000
-0.9269988412514484,0.375,0.3333333333333333,0.75,1,124500
0.009269988412514484,0.5,0.3333333333333333,0.625,1,135000
0.3615295480880649,0.375,0.3333333333333333,0.5,1,320000
-0.9269988412514484,0.375,0.3333333333333333,0.625,1,120500
0.33371958285052145,0.375,0.3333333333333333,1.0,1,222000
-0.35843955195056004,0.25,0.3333333333333333,0.5,1,194500
0.4820393974507532,0.5,0.6666666666666666,0.5,1,110000
-0.395519505600618,0.25,0.3333333333333333,0.5,1,103000
0.2348397064503669,0.25,0.3333333333333333,0.5,1,236500
-0.4913093858632677,0.375,0.3333333333333333,0.5,1,187500
0.8760139049826188,0.375,0.3333333333333333,0.5,1,222500
-0.4943993820007725,0.375,0.3333333333333333,0.625,1,131400
-0.7972190034762456,0.375,0.3333333333333333,0.5,1,108000
0.4696794129007339,0.25,0.3333333333333333,0.75,0,163000
-0.6550791811510236,0.25,0.6666666666666666,0.375,0,93500
0.5206643491695635,0.375,0.3333333333333333,0.5,1,239900
-0.4078794901506373,0.375,0.3333333333333333,0.5,1,179000
0.4078794901506373,0.375,0.3333333333333333,0.5,1,190000
-0.04943993820007725,0.25,0.3333333333333333,0.75,1,132000
-0.8528389339513326,0.375,0.3333333333333333,0.875,1,142000
-0.1776747779065276,0.375,0.3333333333333333,0.5,1,179000
0.0,0.375,0.3333333333333333,0.625,1,175000
-0.19621475473155656,0.25,0.3333333333333333,0.5,1,180000
1.93279258400927,0.5,0.3333333333333333,1.0,1,299800
1.223638470451912,0.5,0.3333333333333333,0.5,1,236000
1.8169177288528389,0.5,0.3333333333333333,0.75,0,265979
0.395519505600618,0.375,0.3333333333333333,0.5,1,260400
0.10042487446890692,0.5,0.3333333333333333,0.25,0,98000
-0.5005793742757821,0.375,0.3333333333333333,0.75,1,96500
-0.2224797219003476,0.375,0.3333333333333333,0.5,1,162000
0.046349942062572425,0.375,0.3333333333333333,0.5,1,217000
0.9795287755890304,0.375,0.3333333333333333,0.5,1,275500
-0.6767091541135574,0.375,0.3333333333333333,0.875,1,156000
0.010814986481266898,0.375,0.3333333333333333,0.5,1,172500
0.4696794129007339,0.375,0.3333333333333333,0.5,1,212000
-0.1205098493626883,0.375,0.3333333333333333,0.5,1,158900
0.057164928543839325,0.375,0.3333333333333333,0.5,1,179400
1.6485129393588258,0.5,0.3333333333333333,0.5,1,290000
-0.9269988412514484,0.25,0.3333333333333333,0.625,1,127500
-0.2518346852066435,0.25,0.3333333333333333,0.5,1,100000
0.12823483970645036,0.375,0.3333333333333333,0.5,1,215200
1.3920432599459251,0.375,0.3333333333333333,0.5,1,337000
0.046349942062572425,0.25,0.3333333333333333,0.5,1,270000
0.06488991888760139,0.25,0.3333333333333333,0.5,1,264132
0.3862495171881035,0.375,0.3333333333333333,0.5,1,196500
0.4418694476631904,0.5,0.3333333333333333,0.75,1,160000
0.5747392815758979,0.375,0.3333333333333333,0.5,1,216837
2.804171494785632,0.5,0.3333333333333333,0.5,1,538000
-0.936268829663963,0.25,0.3333333333333333,0.5,1,134900
-0.37697952877558905,0.25,0.3333333333333333,0.5,1,102000
-0.5361143298570876,0.375,0.3333333333333333,0.5,1,107000
-0.8528389339513326,0.25,0.3333333333333333,0.5,1,114500
0.7864040169949787,0.375,0.3333333333333333,0.5,1,395000
-0.4016994978756277,0.25,0.3333333333333333,0.5,1,162000
0.2317497103128621,0.375,0.3333333333333333,0.5,1,221500
-0.880648899188876,0.375,0.3333333333333333,0.5,1,142500
0.8590189262263422,0.5,0.6666666666666666,0.5,1,144000
-0.7106991116261104,0.25,0.3333333333333333,0.5,1,135000
-0.3259945925067594,0.375,0.3333333333333333,0.5,1,176000
0.2147547315565856,0.375,0.3333333333333333,0.5,1,175900
-0.05252993433758208,0.375,0.3333333333333333,0.5,1,187100
-0.5469293163383546,0.125,0.3333333333333333,0.625,1,165500
0.03089996137504828,0.375,0.3333333333333333,0.625,1,128000
-0.18848976438779447,0.375,0.3333333333333333,0.5,1,161500
0.29045963692545385,0.5,0.3333333333333333,0.625,1,139000
0.9578988026264968,0.5,0.3333333333333333,0.5,1,233000
-0.8698339127076091,0.25,0.3333333333333333,0.75,1,107900
0.962533796832754,0.625,0.3333333333333333,0.875,1,187500
-0.4928543839320201,0.25,0.3333333333333333,0.5,1,160200
-0.6210892236384704,0.375,0.3333333333333333,0.5,1,146800
0.8482039397450754,0.375,0.3333333333333333,0.5,1,269790
0.04943993820007725,0.375,0.3333333333333333,0.5,1,225000
0.6658941676322905,0.375,0.3333333333333333,0.5,1,194500
0.1544998068752414,0.375,0.3333333333333333,0.625,1,171000
-0.2765546543066821,0.375,0.3333333333333333,0.5,1,143500
-1.067593665507918,0.25,0.3333333333333333,0.5,1,110000
2.5894167632290457,0.5,0.3333333333333333,0.5,1,485000
0.4696794129007339,0.375,0.3333333333333333,0.75,1,175000
0.34607956740054074,0.5,0.3333333333333333,0.5,1,200000
-0.4140594824256469,0.25,0.3333333333333333,0.75,1,109900
-0.012359984550019312,0.375,0.3333333333333333,0.5,1,189000
2.0981073773657783,0.5,0.3333333333333333,0.5,1,582933
-0.5191193511008111,0.25,0.3333333333333333,0.5,1,118000
-0.055619930475086905,0.375,0.3333333333333333,0.5,1,227680
-0.7477790652761684,0.375,0.3333333333333333,0.5,1,135500
0.17303978370027034,0.375,0.3333333333333333,0.625,1,223500
-0.5840092699884125,0.375,0.3333333333333333,0.5,1,159950
1.041328698339127,0.25,1.0,0.5,0,106000
-0.23947470065662416,0.375,0.3333333333333333,0.625,1,181000
-0.9517188103514872,0.125,0.3333333333333333,0.5,1,144500
-0.6488991888760139,0.25,0.3333333333333333,0.5,0,55993
-0.03398995751255311,0.5,0.3333333333333333,0.625,1,157900
-0.3306295867130166,0.375,0.3333333333333333,0.75,1,116000
0.3043646195442256,0.375,0.3333333333333333,0.5,1,224900
-0.7045191193511008,0.25,0.3333333333333333,0.625,1,137000
0.3476245654692932,0.375,0.3333333333333333,0.5,1,271000
-0.6365392043259946,0.375,0.3333333333333333,0.75,1,155000
-0.1637697952877559,0.25,0.3333333333333333,0.5,1,224000
0.2719196601004249,0.375,0.3333333333333333,0.5,1,183000
-0.8157589803012746,0.25,0.3333333333333333,0.375,0,93000
0.4156044804943994,0.375,0.3333333333333333,0.5,1,225000
0.03862495171881035,0.375,0.3333333333333333,0.75,1,139500
0.03862495171881035,0.375,0.3333333333333333,0.5,1,232600
0.9578988026264968,0.25,0.3333333333333333,0.5,1,385000
-1.0505986867516417,0.25,0.3333333333333333,0.625,1,109500
-0.046349942062572425,0.375,0.3333333333333333,0.5,1,189000
1.022788721514098,0.375,0.3333333333333333,0.5,1,185000
-0.3723445345693318,0.25,0.3333333333333333,0.5,1,147400
-0.1112398609501738,0.375,0.3333333333333333,0.5,1,166000
-0.4078794901506373,0.25,0.3333333333333333,0.5,1,151000
0.5639242950946312,0.375,0.3333333333333333,0.625,1,237000
0.08033989957512554,0.375,0.3333333333333333,0.625,1,167000
-0.4943993820007725,0.375,0.3333333333333333,0.625,1,139950
-0.6133642332947083,0.25,0.3333333333333333,0.75,1,128000
0.14677481653147936,0.25,0.3333333333333333,0.625,1,153500
-0.7369640787949016,0.25,0.3333333333333333,0.5,1,100000
-0.5639242950946312,0.375,0.3333333333333333,0.625,1,144000
-0.4078794901506373,0.375,0.3333333333333333,0.625,1,130500
0.027809965237543453,0.5,0.3333333333333333,0.875,0,140000
0.11587485515643105,0.375,0.3333333333333333,0.875,1,157500
-0.4619544225569718,0.375,0.3333333333333333,0.75,1,174900
0.5191193511008111,0.75,0.6666666666666666,0.375,0,141000
-0.07415990730011587,0.5,0.3333333333333333,0.875,1,153900
0.36616454229432216,0.375,0.3333333333333333,0.5,1,171000
0.4804943993820008,0.375,0.3333333333333333,0.5,1,213000
-0.9269988412514484,0.375,0.3333333333333333,0.625,1,133500
1.3812282734646582,0.625,0.3333333333333333,0.875,1,240000
0.6040942448821939,0.375,0.3333333333333333,0.75,1,187000
-0.9517188103514872,0.125,0.3333333333333333,0.5,1,131500
-0.012359984550019312,0.25,0.3333333333333333,0.5,1,215000
0.28118964851293937,0.5,0.3333333333333333,0.5,1,164000
-0.02935496330629587,0.375,0.3333333333333333,0.625,1,158000
0.4866743916570104,0.375,0.3333333333333333,0.375,1,170000
-0.6550791811510236,0.375,0.3333333333333333,0.875,1,127000
-0.6767091541135574,0.375,0.3333333333333333,0.625,1,147000
0.02626496716879104,0.375,0.3333333333333333,0.5,1,174000
-0.14522981846272692,0.375,0.3333333333333333,0.5,1,152000
1.8385477018153729,0.5,0.3333333333333333,0.75,1,250000
-0.05870992661259174,0.375,0.3333333333333333,0.875,1,189950
-0.656624179219776,0.375,0.3333333333333333,0.375,1,131500
-0.567014291232136,0.375,0.3333333333333333,0.5,1,152000
-0.4882193897257629,0.375,0.3333333333333333,0.5,1,132500
-0.1421398223252221,0.375,0.3333333333333333,0.5,1,250580
-0.7137891077636153,0.375,0.3333333333333333,0.625,1,148500
0.28118964851293937,0.375,0.3333333333333333,0.5,1,248900
-0.5314793356508304,0.375,0.3333333333333333,0.5,1,129000
1.3225183468520665,0.25,0.3333333333333333,0.625,1,169000
0.7493240633449209,0.375,0.3333333333333333,0.5,1,236000
-0.880648899188876,0.25,0.3333333333333333,0.5,0,109500
0.3368095789880263,0.375,0.3333333333333333,0.5,1,200500
-0.8559289300888374,0.375,0.3333333333333333,0.75,1,116000
-0.30281962147547314,0.375,0.3333333333333333,0.75,1,133000
-0.5144843568945539,0.375,0.3333333333333333,0.625,1,66500
1.7705677867902665,0.5,0.3333333333333333,0.5,1,303477
-0.6550791811510236,0.375,0.3333333333333333,0.5,1,132250
1.1741985322518351,0.5,0.3333333333333333,0.5,1,350000
-0.47740440324449607,0.375,0.3333333333333333,0.75,1,148000
-0.9269988412514484,0.375,0.3333333333333333,0.875,1,136500
-0.5778292777134029,0.25,0.3333333333333333,0.5,1,157000
0.3908845113943608,0.375,0.3333333333333333,0.5,1,187500
0.1993047508690614,0.375,0.3333333333333333,0.5,1,178000
1.1834685206643492,0.625,0.3333333333333333,0.5,0,118500
-0.8837388953263808,0.375,0.3333333333333333,0.5,1,100000
0.3785245268443415,0.25,0.3333333333333333,0.5,1,328900
0.3831595210505987,0.5,0.6666666666666666,0.5,1,145000
-0.1096948628814214,0.375,0.3333333333333333,0.75,1,135500
1.1633835457705677,0.5,0.3333333333333333,0.625,1,268000
0.06334492081884897,0.25,0.3333333333333333,0.375,1,149500
-0.8342989571263036,0.375,0.3333333333333333,0.75,1,122900
0.3383545770567787,0.375,0.3333333333333333,0.5,1,172500
-0.6118192352259559,0.375,0.3333333333333333,0.875,1,154500
-0.12514484356894556,0.375,0.3333333333333333,0.5,1,165000
0.1096948628814214,0.5,0.6666666666666666,0.5,1,118858
0.5129393588258014,0.5,0.3333333333333333,0.5,1,140000
-0.7925840092699884,0.25,0.3333333333333333,0.625,0,106500
1.1989185013518733,0.75,0.6666666666666666,0.5,1,142953
1.3904982618771726,0.25,0.3333333333333333,0.5,1,611657
-0.3522595596755504,0.375,0.3333333333333333,0.75,1,135000
-0.936268829663963,0.25,0.3333333333333333,0.625,1,110000
-0.24410969486288145,0.25,0.3333333333333333,0.75,1,153000
0.06952491309385864,0.375,0.3333333333333333,0.5,1,180000
0.3182696021629973,0.375,0.3333333333333333,0.5,1,240000
-0.8682889146388567,0.375,0.3333333333333333,0.625,1,125500
-0.619544225569718,0.375,0.3333333333333333,0.5,1,128000
0.2657396678254152,0.375,0.3333333333333333,0.5,1,255000
0.9161838547701816,0.375,0.3333333333333333,0.75,1,250000
-0.8682889146388567,0.25,0.3333333333333333,0.5,1,131000
0.03089996137504828,0.375,0.3333333333333333,0.5,1,174000
1.2514484356894553,0.625,0.6666666666666666,0.5,1,154300
-0.30281962147547314,0.375,0.3333333333333333,0.75,1,143500
-0.6937041328698339,0.375,0.3333333333333333,0.75,0,88000
0.8312089609887988,0.5,0.6666666666666666,0.625,0,145000
-0.3707995365005794,0.25,0.3333333333333333,0.5,1,173733
-0.5747392815758979,0.375,0.3333333333333333,0.5,1,75000
-1.5202780996523757,0.125,0.3333333333333333,0.25,0,35311
-0.3630745461568173,0.375,0.3333333333333333,0.625,1,135000
1.0243337195828506,0.5,0.3333333333333333,0.5,1,238000
-0.0772499034376207,0.375,0.3333333333333333,0.875,1,176500
0.3970645036693704,0.375,0.3333333333333333,0.5,1,201000
1.1371185786017768,0.5,0.6666666666666666,0.75,1,145900
-0.2286597141753573,0.375,0.3333333333333333,0.5,1,169990
0.23638470451911936,0.25,0.3333333333333333,0.5,1,193000
0.3429895712630359,0.375,0.3333333333333333,0.625,1,207500
-0.5222093472383159,0.375,0.3333333333333333,0.625,1,175000
1.4059482425646967,0.5,0.3333333333333333,0.5,1,285000
0.7941290073387408,0.5,0.3333333333333333,0.5,1,176000
0.5005793742757821,0.375,0.3333333333333333,0.5,1,236500
1.1927385090768636,0.5,0.3333333333333333,0.5,1,222000
0.003089996137504828,0.375,0.3333333333333333,0.5,1,201000
-0.8327539590575512,0.25,0.3333333333333333,0.625,1,117500
0.6813441483198146,0.375,0.3333333333333333,0.5,1,320000
0.055619930475086905,0.375,0.3333333333333333,0.5,1,190000
0.9347238315952106,0.5,0.3333333333333333,0.75,1,242000
-1.1077636152954808,0.125,0.3333333333333333,0.5,1,79900
-0.4078794901506373,0.25,0.3333333333333333,0.5,1,184900
0.7833140208574739,0.375,0.3333333333333333,0.5,1,253000
0.7694090382387022,0.375,0.3333333333333333,0.5,1,239799
1.4507531865585168,0.5,0.3333333333333333,0.75,1,244400
0.4078794901506373,0.5,0.6666666666666666,0.5,1,150900
0.9208188489764388,0.375,0.3333333333333333,0.5,1,214000
-0.03707995365005794,0.5,0.6666666666666666,0.25,1,150000
0.25955967555040554,0.5,0.6666666666666666,0.375,1,143000
-0.1853997682502897,0.375,0.3333333333333333,0.625,1,137500
0.6257242178447276,0.25,0.3333333333333333,0.625,1,124900
-0.4943993820007725,0.375,0.3333333333333333,0.625,1,143000
0.2549246813441483,0.375,0.3333333333333333,0.5,1,270000
0.4820393974507532,0.375,0.3333333333333333,0.5,1,192500
-0.12823483970645036,0.375,0.3333333333333333,0.75,1,197500
-0.9269988412514484,0.375,0.3333333333333333,0.875,1,129000
-0.7709540363074546,0.375,0.3333333333333333,0.5,1,119900
-1.0753186558516803,0.25,0.3333333333333333,0.875,1,133900
0.7786790266512167,0.5,0.3333333333333333,0.375,1,172000
-0.7477790652761684,0.5,0.0,0.5,1,127500
0.7632290459636926,0.5,0.6666666666666666,0.625,0,145000
-0.3630745461568173,0.25,0.3333333333333333,0.625,1,124000
-0.6288142139822325,0.375,0.3333333333333333,0.5,1,132000
-0.19621475473155656,0.375,0.3333333333333333,0.5,1,185000
-0.07415990730011587,0.375,0.3333333333333333,0.5,1,155000
-0.936268829663963,0.25,0.3333333333333333,0.75,1,116500
2.175357280803399,0.5,0.3333333333333333,0.75,1,272000
0.12977983777520274,0.375,0.3333333333333333,0.625,1,155000
0.5191193511008111,0.25,0.3333333333333333,0.5,1,239000
0.6643491695635381,0.5,0.3333333333333333,0.5,1,214900
0.03089996137504828,0.375,0.3333333333333333,0.5,1,178900
-0.2410196987253766,0.25,0.3333333333333333,0.75,1,160000
-0.5654692931633836,0.375,0.3333333333333333,0.75,1,135000
-0.7663190421011974,0.25,0.3333333333333333,0.625,0,37900
-0.5701042873696408,0.25,0.3333333333333333,0.5,1,140000
-0.4202394747006567,0.5,0.3333333333333333,0.375,0,135000
0.2502896871378911,0.25,0.3333333333333333,0.5,1,173000
-0.8435689455388181,0.25,0.3333333333333333,0.5,1,99500
-0.055619930475086905,0.375,0.3333333333333333,0.5,1,182000
0.8574739281575898,0.375,0.3333333333333333,0.875,0,167500
-0.12668984163769795,0.375,0.3333333333333333,0.5,1,165000
-0.9192738509076864,0.25,0.3333333333333333,0.75,1,85500
-0.34453456933178833,0.125,0.3333333333333333,0.5,1,199900
-0.880648899188876,0.375,0.3333333333333333,0.5,1,110000
-0.5299343375820779,0.375,0.3333333333333333,0.625,1,139000
-0.7184241019698725,0.375,0.3333333333333333,1.0,1,178400
1.7736577829277709,0.5,0.3333333333333333,0.5,1,336000
-0.305909617612978,0.25,0.3333333333333333,0.5,1,159895
1.2761684047894941,0.5,0.3333333333333333,0.5,1,255900
0.4171494785631518,0.5,0.6666666666666666,0.5,1,126000
-0.4634994206257242,0.375,0.3333333333333333,0.5,0,125000
0.2641946697566628,0.25,0.3333333333333333,0.875,1,117000
0.7354190807261491,0.375,0.3333333333333333,0.5,1,395192
0.8744689069138664,0.5,0.3333333333333333,0.625,1,195000
0.17303978370027034,0.375,0.3333333333333333,0.5,1,197000
1.4337582078022402,0.375,0.3333333333333333,0.5,1,348000
0.4295094631131711,0.5,0.3333333333333333,1.0,1,168000
0.5979142526071842,0.375,0.3333333333333333,0.875,1,187000
0.055619930475086905,0.375,0.3333333333333333,0.5,1,173900
0.3924295094631132,0.375,0.3333333333333333,0.5,1,337500
-0.3615295480880649,0.375,0.3333333333333333,0.75,1,121600
-0.6396292004634995,0.375,0.3333333333333333,0.625,1,136500
-0.03398995751255311,0.25,0.3333333333333333,0.625,1,185000
-0.5979142526071842,0.375,0.3333333333333333,0.375,0,91000
-0.395519505600618,0.25,0.3333333333333333,0.5,1,206000
-0.8033989957512553,0.25,0.3333333333333333,0.25,0,82000
-1.1942835071456162,0.25,0.3333333333333333,0.625,1,86000
0.16994978756276555,0.375,0.3333333333333333,0.5,1,232000
0.33371958285052145,0.5,0.6666666666666666,0.625,1,136905
0.06179992275009656,0.125,0.3333333333333333,0.5,1,181000
-0.7400540749324064,0.375,0.3333333333333333,0.875,1,149900
0.2981846272692159,0.375,0.3333333333333333,0.25,1,163500
-0.5747392815758979,0.375,0.3333333333333333,0.375,1,88000
0.38006952491309387,0.375,0.3333333333333333,0.5,1,240000
0.08960988798764001,0.5,0.3333333333333333,0.5,1,102000
-0.2981846272692159,0.5,0.3333333333333333,0.5,1,135000
0.3089996137504828,0.5,0.6666666666666666,0.5,0,100000
0.05870992661259174,0.375,0.3333333333333333,0.75,1,165000
-0.6828891463885671,0.25,0.3333333333333333,0.375,0,85000
-0.5901892622634222,0.25,0.3333333333333333,0.5,1,119200
0.3105446118192352,0.375,0.3333333333333333,0.625,1,227000
0.06179992275009656,0.375,0.3333333333333333,0.5,1,203000
-0.16067979915025107,0.125,0.3333333333333333,0.5,1,187500
0.012359984550019312,0.375,0.3333333333333333,0.5,1,160000
0.06488991888760139,0.25,0.3333333333333333,0.5,1,213490
-0.5129393588258014,0.25,0.3333333333333333,0.5,1,176000
-0.37697952877558905,0.25,0.3333333333333333,0.5,1,194000
-0.33371958285052145,0.25,0.3333333333333333,0.5,1,87000
0.06179992275009656,0.25,0.3333333333333333,0.5,1,191000
2.2155272305909617,0.25,0.3333333333333333,0.625,1,287000
-0.899188876013905,0.375,0.3333333333333333,0.5,1,112500
-0.3089996137504828,0.375,0.3333333333333333,0.5,1,167500
0.28118964851293937,0.375,0.3333333333333333,0.5,1,293077
-0.13595983005021245,0.375,0.3333333333333333,0.5,1,105000
-0.38006952491309387,0.375,0.3333333333333333,0.75,1,118000
0.7168791039011201,0.625,0.6666666666666666,0.875,1,160000
2.499806875241405,0.625,0.3333333333333333,0.25,1,197000
1.6315179606025492,0.625,0.3333333333333333,0.75,1,310000
0.2935496330629587,0.375,0.3333333333333333,0.5,1,230000
-0.7879490150637312,0.25,0.3333333333333333,0.75,1,119750
-0.9563538045577444,0.375,0.3333333333333333,0.25,0,84000
0.2410196987253766,0.25,0.3333333333333333,0.5,1,315500
1.2344534569331789,0.375,0.3333333333333333,0.5,1,287000
-0.1853997682502897,0.375,0.3333333333333333,0.625,1,97000
-1.2885283893395134,0.125,0.3333333333333333,0.375,1,80000
0.5237543453070683,0.375,0.3333333333333333,0.375,1,155000
0.25955967555040554,0.5,0.3333333333333333,0.875,1,173000
-0.24410969486288145,0.125,0.3333333333333333,0.5,1,196000
1.336423329470838,0.5,0.3333333333333333,0.5,1,262280
1.6376979528775588,0.5,0.3333333333333333,0.5,1,278000
0.4156044804943994,0.5,0.3333333333333333,0.5,1,139600
2.169177288528389,0.5,0.3333333333333333,0.5,1,556581
-0.7323290845886443,0.375,0.3333333333333333,0.5,1,145000
0.4743144071069911,0.375,0.3333333333333333,0.375,1,115000
-0.8250289687137891,0.25,0.3333333333333333,0.75,1,84900
-0.2502896871378911,0.375,0.3333333333333333,0.5,1,176485
-0.2286597141753573,0.375,0.3333333333333333,0.5,1,200141
0.7925840092699884,0.5,0.3333333333333333,0.625,1,165000
0.09578988026264967,0.5,0.3333333333333333,0.625,1,144500
0.8111239860950173,0.375,0.3333333333333333,0.5,1,255000
0.09115488605639242,0.375,0.3333333333333333,0.5,1,180000
-0.1544998068752414,0.25,0.3333333333333333,0.5,1,185850
0.5963692545384318,0.375,0.3333333333333333,0.625,1,248000
1.1123986095017382,0.375,0.3333333333333333,0.5,1,335000
0.8142139822325222,0.375,0.3333333333333333,0.75,1,220000
-0.19466975666280412,0.25,0.3333333333333333,0.5,1,213500
-0.880648899188876,0.25,0.3333333333333333,0.375,1,81000
1.3487833140208574,0.625,0.6666666666666666,0.5,0,90000
-0.5577443028196215,0.25,0.3333333333333333,0.625,1,110500
-0.4789494013132484,0.375,0.3333333333333333,0.625,1,154000
1.2298184627269215,0.375,0.3333333333333333,0.5,1,328000
0.1653147933565083,0.375,0.3333333333333333,0.75,1,178000
0.2271147161066049,0.5,0.3333333333333333,0.625,1,167900
1.6330629586713017,0.625,0.3333333333333333,0.375,1,151400
-0.8821938972576284,0.25,0.3333333333333333,0.75,1,135000
-0.6427191966010043,0.375,0.3333333333333333,0.5,1,135000
0.1421398223252221,0.5,0.3333333333333333,0.625,1,154000
-0.012359984550019312,0.5,0.3333333333333333,0.25,1,91500
-0.05870992661259174,0.375,0.3333333333333333,0.625,1,159500
-0.34607956740054074,0.25,0.3333333333333333,0.5,1,194000
0.4264194669756663,0.375,0.3333333333333333,0.625,1,219500
0.003089996137504828,0.375,0.3333333333333333,0.875,1,170000
-0.5685592893008884,0.375,0.3333333333333333,0.5,1,138800
-0.9517188103514872,0.125,0.3333333333333333,0.5,1,155900
-0.7323290845886443,0.375,0.3333333333333333,0.5,1,126000
-0.3182696021629973,0.375,0.3333333333333333,0.75,1,145000
-0.6550791811510236,0.375,0.3333333333333333,0.5,1,133000
-0.00772499034376207,0.375,0.3333333333333333,0.5,1,192000
-0.3290845886442642,0.375,0.3333333333333333,0.625,1,160000
0.05252993433758208,0.375,0.3333333333333333,0.5,1,187500
-0.7230590961761297,0.25,0.3333333333333333,0.625,1,147000
-0.5747392815758979,0.375,0.3333333333333333,0.5,1,83500
0.7555040556199305,0.375,0.3333333333333333,0.5,1,252000
0.3785245268443415,0.375,0.3333333333333333,0.5,1,137500
-0.33526458091927386,0.125,0.3333333333333333,0.5,1,197000
-0.6550791811510236,0.25,0.6666666666666666,0.375,0,92900
-0.3275395905755118,0.25,0.3333333333333333,0.5,1,160000
0.3553495558130552,0.5,0.3333333333333333,0.5,1,136500
-0.4078794901506373,0.125,0.3333333333333333,0.875,1,146000
-0.8157589803012746,0.25,0.3333333333333333,0.75,1,129000
-0.2317497103128621,0.375,0.3333333333333333,0.5,1,176432
-0.16840478949401316,0.375,0.3333333333333333,0.75,1,127000
-0.5809192738509077,0.25,0.3333333333333333,0.5,1,170000
-0.21629972962533803,0.375,0.3333333333333333,0.625,1,128000
0.2116647354190808,0.375,0.3333333333333333,0.5,1,157000
-1.5851680185399768,0.125,0.3333333333333333,0.5,0,60000
-0.7941290073387408,0.375,0.3333333333333333,0.5,1,119500
-0.5098493626882966,0.25,0.3333333333333333,0.75,1,135000
-0.4171494785631518,0.375,0.3333333333333333,0.625,1,159500
-0.2502896871378911,0.375,0.3333333333333333,0.5,1,106000
1.7891077636152954,0.375,0.3333333333333333,0.5,1,325000
-0.03398995751255311,0.375,0.3333333333333333,0.5,1,179900
0.8605639242950947,0.375,0.3333333333333333,0.5,1,274725
0.3491695635380456,0.375,0.3333333333333333,0.5,1,181000
0.5747392815758979,0.375,0.3333333333333333,0.5,1,280000
0.2997296253379683,0.375,0.3333333333333333,0.5,1,188000
0.772499034376207,0.5,0.3333333333333333,0.625,1,205000
-1.0011587485515645,0.25,0.3333333333333333,0.75,1,129900
-0.7045191193511008,0.25,0.3333333333333333,0.75,1,134500
-0.9748937813827732,0.25,0.3333333333333333,0.75,1,117000
0.4171494785631518,0.375,0.3333333333333333,0.5,1,318000
-0.06952491309385864,0.375,0.3333333333333333,0.5,1,184100
-0.880648899188876,0.375,0.3333333333333333,0.75,1,130000
0.2116647354190808,0.375,0.3333333333333333,0.625,1,140000
-0.6550791811510236,0.375,0.3333333333333333,0.5,1,133700
-0.6983391270760911,0.25,0.3333333333333333,0.5,1,118400
0.13595983005021245,0.375,0.3333333333333333,0.5,1,212900
-0.7786790266512167,0.375,0.3333333333333333,0.25,1,112000
-1.1834685206643492,0.25,0.3333333333333333,1.0,1,118000
0.027809965237543453,0.375,0.3333333333333333,0.5,1,163900
-0.7091541135573579,0.25,0.3333333333333333,0.5,1,115000
0.14059482425646969,0.25,0.3333333333333333,0.5,1,174000
0.10196987253765932,0.375,0.3333333333333333,0.5,1,259000
0.764774044032445,0.5,0.3333333333333333,0.5,1,215000
-0.8157589803012746,0.25,0.3333333333333333,0.5,1,140000
0.7987640015449979,0.5,0.3333333333333333,0.25,1,135000
-0.7570490536886829,0.375,0.3333333333333333,0.5,1,93500
1.1525685592893011,0.625,0.3333333333333333,0.375,1,117500
0.8590189262263422,0.375,0.3333333333333333,0.5,1,239500
0.21011973735032832,0.375,0.3333333333333333,0.5,1,169000
-0.7385090768636541,0.25,0.3333333333333333,0.5,0,102000
-0.3275395905755118,0.375,0.3333333333333333,0.5,1,119000
-0.6859791425260718,0.25,0.3333333333333333,0.875,0,94000
0.15913480108149866,0.25,0.3333333333333333,0.5,1,196000
-0.458864426419467,0.375,0.3333333333333333,0.5,1,144000
-0.791039011201236,0.25,0.3333333333333333,0.75,1,139000
0.6241792197759752,0.5,0.3333333333333333,0.75,1,197500
2.1073773657782926,0.5,0.3333333333333333,0.5,1,424870
-0.7076091154886056,0.375,0.3333333333333333,0.25,1,80000
-0.8342989571263036,0.25,0.3333333333333333,0.375,0,80000
0.17303978370027034,0.375,0.3333333333333333,0.625,1,149000
-0.2564696794129007,0.375,0.3333333333333333,0.5,1,180000
0.1544998068752414,0.375,0.3333333333333333,0.75,1,174500
-0.5453843182696022,0.25,0.3333333333333333,0.75,1,116900
0.027809965237543453,0.375,0.3333333333333333,1.0,1,143000
-0.8219389725762842,0.25,0.3333333333333333,0.5,1,124000
0.003089996137504828,0.375,0.3333333333333333,0.375,1,149900
0.5361143298570876,0.25,0.3333333333333333,0.75,1,230000
-1.0011587485515645,0.25,0.3333333333333333,0.875,1,120500
0.5500193124758594,0.5,0.3333333333333333,0.625,1,201800
-0.04171494785631518,0.375,0.3333333333333333,0.875,1,218000
-0.3074546156817304,0.375,0.3333333333333333,0.875,1,179900
-0.2317497103128621,0.25,0.3333333333333333,0.5,1,230000
0.17921977597528002,0.375,0.3333333333333333,0.5,1,235128
0.6365392043259946,0.5,0.3333333333333333,0.625,1,185000
-0.012359984550019312,0.375,0.3333333333333333,0.5,1,146000
0.2719196601004249,0.375,0.3333333333333333,0.75,1,224000
-0.880648899188876,0.375,0.3333333333333333,0.5,1,129000
-0.3182696021629973,0.0,0.6666666666666666,0.375,1,108959
-0.04943993820007725,0.25,0.3333333333333333,0.75,1,194000
0.05870992661259174,0.375,0.3333333333333333,0.5,1,233170
0.3553495558130552,0.375,0.3333333333333333,0.5,1,245350
0.3198146002317497,0.375,0.3333333333333333,0.5,1,173000
0.9949787562765546,0.5,0.3333333333333333,0.75,1,235000
3.3418308227114717,0.5,0.3333333333333333,0.5,1,625000
-0.5345693317883352,0.375,0.3333333333333333,0.625,1,171000
-0.31363460795674003,0.375,0.3333333333333333,0.625,1,163000
-0.3306295867130166,0.25,0.3333333333333333,0.5,1,171900
2.505986867516416,0.375,0.3333333333333333,0.625,1,200500
1.3611432985708771,0.5,0.3333333333333333,0.875,1,239000
2.175357280803399,0.5,0.3333333333333333,0.5,1,285000
-0.8358439551950559,0.375,0.3333333333333333,0.5,1,119500
-0.3707995365005794,0.375,0.3333333333333333,0.875,1,115000
-0.1869447663190421,0.375,0.3333333333333333,0.625,1,154900
-0.5252993433758207,0.375,0.3333333333333333,0.5,1,93000
1.6222479721900347,0.5,0.3333333333333333,0.5,1,250000
0.29045963692545385,0.25,0.3333333333333333,0.5,1,392500
4.653534183082272,0.5,0.3333333333333333,0.5,1,745000
-0.5160293549633063,0.25,0.3333333333333333,0.625,1,120000
0.16685979142526072,0.375,0.3333333333333333,0.375,1,186700
-0.37543453070683663,0.5,0.3333333333333333,0.75,1,104900
0.3630745461568173,0.375,0.6666666666666666,0.5,1,95000
0.24719969100038625,0.25,0.3333333333333333,0.5,1,262000
0.30281962147547314,0.375,0.3333333333333333,0.5,1,195000
0.5252993433758207,0.375,0.3333333333333333,0.5,1,189000
0.24410969486288145,0.375,0.3333333333333333,0.375,1,168000
-0.035534955581305525,0.25,0.3333333333333333,0.5,1,174000
0.012359984550019312,0.375,0.3333333333333333,0.875,1,125000
-0.3707995365005794,0.25,0.3333333333333333,0.5,1,165000
-0.17303978370027034,0.5,0.3333333333333333,0.75,1,158000
-0.012359984550019312,0.375,0.3333333333333333,0.5,1,176000
0.6164542294322132,0.5,0.3333333333333333,0.5,1,219210
0.3491695635380456,0.375,0.3333333333333333,0.625,1,144000
-0.3893395133256083,0.375,0.3333333333333333,0.5,1,178000
-0.12668984163769795,0.375,0.3333333333333333,0.5,1,148000
-0.9269988412514484,0.375,0.3333333333333333,0.5,1,116050
0.4866743916570104,0.375,0.3333333333333333,0.5,1,197900
-0.17921977597528002,0.375,0.3333333333333333,0.875,1,117000
0.2564696794129007,0.375,0.3333333333333333,0.5,1,213000
-0.6025492468134415,0.375,0.3333333333333333,0.625,1,153500
1.1309385863267671,0.375,0.3333333333333333,0.75,1,271900
-0.6303592120509849,0.25,0.3333333333333333,0.375,1,107000
0.3646195442255697,0.375,0.3333333333333333,0.5,1,200000
-0.27964465044418696,0.375,0.3333333333333333,0.75,1,140000
0.30281962147547314,0.375,0.3333333333333333,0.5,1,290000
0.5886442641946698,0.375,0.3333333333333333,0.5,1,189000
0.4449594438006952,0.5,0.3333333333333333,0.75,1,164000
-1.223638470451912,0.25,0.3333333333333333,0.625,1,113000
-0.7786790266512167,0.0,0.3333333333333333,1.0,1,145000
-0.7184241019698725,0.375,0.3333333333333333,0.5,1,134500
-0.880648899188876,0.375,0.3333333333333333,0.5,1,125000
0.6767091541135574,0.5,0.6666666666666666,0.5,1,112000
-0.2317497103128621,0.375,0.3333333333333333,0.5,1,229456
-0.8528389339513326,0.25,0.3333333333333333,0.5,0,80500
-0.38006952491309387,0.375,0.3333333333333333,0.5,1,91500
-0.8528389339513326,0.25,0.3333333333333333,0.5,1,115000
-0.3908845113943608,0.375,0.3333333333333333,0.5,1,134000
0.5901892622634222,0.375,0.3333333333333333,0.625,1,143000
1.0382387022016222,0.5,0.3333333333333333,0.25,0,137900
0.04016994978756277,0.375,0.3333333333333333,0.5,1,184000
-0.5036693704132871,0.375,0.3333333333333333,0.875,1,145000
0.7246040942448821,0.5,0.3333333333333333,0.5,1,214000
-0.8528389339513326,0.25,0.3333333333333333,0.875,1,147000
0.36770954036307457,0.125,0.3333333333333333,0.5,1,367294
0.0664349169563538,0.5,0.3333333333333333,0.5,1,127000
1.7860177674777906,0.5,0.6666666666666666,0.5,1,190000
-0.4233294708381615,0.375,0.3333333333333333,0.625,1,132500
-0.3707995365005794,0.25,0.6666666666666666,0.5,1,101800
-0.4264194669756663,0.375,0.3333333333333333,0.5,1,142000
0.772499034376207,0.5,0.3333333333333333,0.625,0,130000
0.4943993820007725,0.5,0.3333333333333333,0.5,1,138887
0.2502896871378911,0.25,0.3333333333333333,0.5,1,175500
0.7477790652761684,0.5,0.3333333333333333,0.5,1,195000
-0.4990343762070297,0.375,0.3333333333333333,0.5,1,142500
0.03089996137504828,0.25,0.3333333333333333,0.5,1,265900
0.4696794129007339,0.375,0.3333333333333333,0.5,1,224900
0.3476245654692932,0.375,0.3333333333333333,0.625,1,248328
-0.4495944380069525,0.375,0.3333333333333333,0.625,1,170000
0.9455388180764774,0.25,0.3333333333333333,0.5,1,465000
0.08188489764387795,0.375,0.3333333333333333,0.75,1,230000
0.6241792197759752,0.375,0.3333333333333333,0.75,1,178000
0.13750482811896486,0.375,0.3333333333333333,0.5,1,186500
-0.6643491695635381,0.375,0.3333333333333333,0.5,1,169900
0.917728852838934,0.375,0.3333333333333333,0.5,0,129500
-0.7354190807261491,0.375,0.3333333333333333,0.75,1,119000
0.9980687524140596,0.375,0.3333333333333333,0.5,1,244000
-0.09115488605639242,0.25,0.3333333333333333,0.5,1,171750
-0.9115488605639244,0.375,0.3333333333333333,0.625,1,130000
1.0861336423329468,0.375,0.3333333333333333,0.75,1,294000
0.2966396292004635,0.375,0.3333333333333333,0.5,1,165400
-0.14986481266898416,0.375,0.3333333333333333,0.625,1,127500
0.8080339899575125,0.25,0.3333333333333333,0.5,1,301500
-0.9269988412514484,0.25,0.3333333333333333,0.875,1,99900
-0.4604094244882194,0.25,0.3333333333333333,0.5,1,190000
-0.6334492081884897,0.375,0.3333333333333333,0.875,1,151000
0.3259945925067594,0.375,0.3333333333333333,0.5,1,181000
-0.6396292004634995,0.25,0.3333333333333333,0.625,1,128900
0.5005793742757821,0.625,0.3333333333333333,0.5,1,161500
0.5561993047508691,0.375,0.3333333333333333,0.625,1,180500
-0.19621475473155656,0.25,0.3333333333333333,0.5,1,181000
-0.01853997682502897,0.375,0.3333333333333333,0.5,1,183900
0.656624179219776,0.5,0.6666666666666666,0.375,0,122000
0.8559289300888374,0.375,0.3333333333333333,0.5,1,378500
3.063731170336037,0.5,0.3333333333333333,1.0,1,381000
0.09269988412514484,0.375,0.3333333333333333,0.5,1,144000
0.09269988412514484,0.0,0.3333333333333333,0.625,1,260000
0.03862495171881035,0.375,0.3333333333333333,0.75,1,185750
-0.817303978370027,0.375,0.3333333333333333,0.625,1,137000
-0.1653147933565083,0.25,0.3333333333333333,0.75,1,177000
-0.3306295867130166,0.375,0.3333333333333333,0.625,1,139000
0.7045191193511008,0.5,0.6666666666666666,0.5,1,137000
-0.10660486674391656,0.375,0.3333333333333333,0.625,1,162000
0.4016994978756277,0.375,0.3333333333333333,0.5,1,197900
0.8760139049826188,0.375,0.3333333333333333,0.5,1,237000
-0.5191193511008111,0.25,0.3333333333333333,0.375,1,68400
0.16840478949401316,0.375,0.3333333333333333,0.5,1,227000
-0.19312475859405176,0.25,0.3333333333333333,0.5,1,180000
-0.6550791811510236,0.375,0.3333333333333333,0.75,1,150500
0.5561993047508691,0.5,0.6666666666666666,0.5,1,139000
1.518733101583623,0.5,0.3333333333333333,0.75,1,169000
-0.08033989957512554,0.5,0.3333333333333333,0.625,1,132500
-0.21011973735032832,0.375,0.3333333333333333,0.5,1,143000
0.18230977211278485,0.5,0.3333333333333333,0.5,1,190000
0.30127462340672073,0.25,0.3333333333333333,0.5,1,278000
0.7817690227887215,0.375,0.3333333333333333,0.5,1,281000
-0.4820393974507532,0.375,0.3333333333333333,0.75,1,180500
-0.2502896871378911,0.375,0.3333333333333333,0.75,1,119500
1.402858246427192,0.5,0.6666666666666666,0.375,0,107500
0.3089996137504828,0.5,0.3333333333333333,0.5,1,162900
-0.9269988412514484,0.25,0.3333333333333333,0.75,1,115000
-0.6365392043259946,0.375,0.3333333333333333,0.5,1,138500
-0.5191193511008111,0.375,0.3333333333333333,0.625,1,155000
-0.6056392429509463,0.25,0.3333333333333333,0.5,1,140000
6.455001931247586,0.375,0.3333333333333333,0.5,1,160000
-0.3368095789880263,0.375,0.3333333333333333,0.75,1,154000
0.8018539976825029,0.375,0.3333333333333333,0.5,1,225000
0.046349942062572425,0.375,0.3333333333333333,0.75,1,177500
1.6407879490150636,0.5,0.3333333333333333,0.5,1,290000
0.2348397064503669,0.375,0.3333333333333333,0.5,1,232000
0.37697952877558905,0.375,0.3333333333333333,0.5,1,130000
0.29045963692545385,0.25,0.3333333333333333,0.5,1,325000
-0.14831981460023175,0.25,0.3333333333333333,0.5,1,202500
-0.7323290845886443,0.375,0.3333333333333333,0.5,1,138000
-0.5283893395133256,0.25,0.3333333333333333,0.75,1,147000
-0.2626496716879104,0.375,0.3333333333333333,0.5,1,179200
0.6767091541135574,0.375,0.3333333333333333,0.875,1,335000
-0.2935496330629587,0.375,0.3333333333333333,0.5,1,203000
2.0795674005407494,0.5,0.3333333333333333,0.5,1,302000
1.7535728080339898,0.5,0.3333333333333333,0.5,1,333168
-0.7972190034762456,0.375,0.3333333333333333,0.625,1,119000
1.0011587485515645,0.5,0.3333333333333333,0.5,1,206900
0.2564696794129007,0.375,0.3333333333333333,0.5,1,295493
-0.17303978370027034,0.25,0.3333333333333333,0.5,1,208900
0.4990343762070297,0.375,0.3333333333333333,0.5,1,275000
-0.7972190034762456,0.375,0.3333333333333333,0.5,1,111000
0.0216299729625338,0.375,0.3333333333333333,0.25,1,156500
-1.149478563151796,0.25,0.3333333333333333,0.625,0,72500
0.7091541135573579,0.375,0.3333333333333333,0.5,1,190000
-1.168018539976825,0.25,0.3333333333333333,0.75,1,82500
0.511394360757049,0.25,0.3333333333333333,0.5,1,147000
-1.0320587099266123,0.25,0.3333333333333333,0.375,0,55000
-1.0660486674391656,0.375,0.3333333333333333,0.625,1,79000
-1.0011587485515645,0.375,0.3333333333333333,1.0,1,130500
2.0517574353032058,0.625,0.3333333333333333,0.75,1,256000
0.25955967555040554,0.375,0.3333333333333333,0.5,1,176500
0.19157976052529926,0.375,0.3333333333333333,0.5,1,227000
-0.7879490150637312,0.375,0.3333333333333333,0.5,1,132500
-1.0011587485515645,0.25,0.3333333333333333,0.625,1,100000
-0.16067979915025107,0.25,0.3333333333333333,0.625,1,125500
-0.15295480880648898,0.375,0.3333333333333333,0.625,1,125000
-0.20084974893781385,0.25,0.3333333333333333,0.5,1,167900
0.2966396292004635,0.5,0.6666666666666666,0.5,1,135000
-1.1911935110081109,0.25,0.3333333333333333,0.375,0,52500
0.6133642332947083,0.375,0.3333333333333333,0.5,1,200000
-0.9269988412514484,0.375,0.3333333333333333,0.75,1,128500
-0.9146388567014292,0.375,0.3333333333333333,0.5,1,123000
-0.540749324063345,0.375,0.3333333333333333,0.5,1,155000
1.089223638470452,0.375,0.3333333333333333,0.5,1,228500
0.6937041328698339,0.375,0.3333333333333333,0.625,1,177000
-0.012359984550019312,0.375,0.3333333333333333,0.5,1,155835
-0.7786790266512167,0.25,0.3333333333333333,0.375,1,108500
1.0691386635766704,0.375,0.3333333333333333,0.75,1,262500
0.4820393974507532,0.375,0.3333333333333333,0.5,1,283463
0.046349942062572425,0.375,0.3333333333333333,0.5,1,215000
1.3812282734646582,0.5,0.3333333333333333,0.5,0,122000
1.8076477404403244,0.75,0.6666666666666666,0.5,1,200000
0.3893395133256083,0.5,0.3333333333333333,0.625,1,171000
-0.4449594438006952,0.25,0.3333333333333333,1.0,1,134900
2.7408265739667828,0.5,0.3333333333333333,0.5,1,410000
0.619544225569718,0.375,0.3333333333333333,0.5,1,235000
0.7045191193511008,0.5,0.3333333333333333,0.625,1,170000
-0.8837388953263808,0.375,0.3333333333333333,0.5,1,110000
-0.5963692545384318,0.375,0.3333333333333333,0.625,1,149900
0.16840478949401316,0.375,0.3333333333333333,0.5,1,177500
0.7972190034762456,0.375,0.3333333333333333,0.5,1,315000
1.7566628041714951,0.5,0.3333333333333333,0.625,1,189000
0.10196987253765932,0.375,0.3333333333333333,0.5,1,260000
0.4233294708381615,0.5,0.3333333333333333,0.375,1,104900
-0.08033989957512554,0.375,0.3333333333333333,0.5,1,156932
-0.4078794901506373,0.25,0.3333333333333333,0.5,1,144152
0.32444959443800697,0.375,0.3333333333333333,0.5,1,216000
0.5036693704132871,0.375,0.3333333333333333,0.5,1,193000
0.016994978756276556,0.5,0.3333333333333333,0.625,1,127000
-0.9517188103514872,0.125,0.3333333333333333,0.5,1,144000
0.31517960602549244,0.375,0.3333333333333333,0.5,1,232000
-0.13904982618771727,0.25,0.3333333333333333,0.625,1,105000
0.3043646195442256,0.375,0.3333333333333333,0.625,1,165500
0.977983777520278,0.375,0.3333333333333333,0.625,1,274300
1.806102742371572,0.25,0.3333333333333333,0.5,1,466500
0.7632290459636926,0.375,0.3333333333333333,0.5,1,250000
0.1653147933565083,0.375,0.3333333333333333,0.5,1,239000
-1.041328698339127,0.25,0.3333333333333333,0.5,0,91000
0.21629972962533803,0.375,0.3333333333333333,0.5,1,117000
-0.7369640787949016,0.25,0.3333333333333333,0.5,1,83000
-0.10814986481266901,0.375,0.3333333333333333,0.5,1,167500
-0.9269988412514484,0.25,0.3333333333333333,0.25,0,58500
1.0088837388953265,0.5,0.3333333333333333,0.75,1,237500
0.4604094244882194,0.5,0.3333333333333333,0.75,1,157000
-0.07415990730011587,0.375,0.3333333333333333,0.75,1,112000
-0.3182696021629973,0.25,0.3333333333333333,0.5,1,105000
-0.4789494013132484,0.375,0.3333333333333333,0.875,1,125500
2.0393974507531865,0.625,0.3333333333333333,0.5,1,250000
1.6407879490150636,0.625,0.3333333333333333,0.75,0,136000
0.4356894553881808,0.375,0.3333333333333333,0.5,1,377500
-0.38006952491309387,0.375,0.3333333333333333,0.625,1,131000
0.09424488219389726,0.375,0.3333333333333333,0.5,1,235000
0.1853997682502897,0.5,0.6666666666666666,0.5,1,124000
-0.8713789107763615,0.375,0.3333333333333333,0.5,1,123000
0.6921591348010815,0.375,0.6666666666666666,0.75,0,163000
0.055619930475086905,0.25,0.3333333333333333,0.5,1,246578
1.5728080339899575,0.5,0.3333333333333333,0.5,1,281213
0.34453456933178833,0.375,0.3333333333333333,0.5,1,160000
0.07570490536886829,0.5,0.3333333333333333,0.875,1,137500
0.6797991502510622,0.375,0.3333333333333333,0.375,1,138000
0.2224797219003476,0.375,0.3333333333333333,0.625,1,137450
-0.4727694090382387,0.375,0.3333333333333333,0.75,1,120000
0.1993047508690614,0.375,0.3333333333333333,0.5,1,193000
-0.2626496716879104,0.25,0.3333333333333333,0.5,1,193879
0.0,0.375,0.3333333333333333,0.5,1,282922
-0.3862495171881035,0.375,0.3333333333333333,0.375,1,105000
0.28118964851293937,0.25,0.3333333333333333,0.5,1,275000
-1.0753186558516803,0.25,0.3333333333333333,0.75,1,133000
-0.9748937813827732,0.375,0.3333333333333333,0.5,1,112000
-0.1560448049439938,0.375,0.3333333333333333,0.75,1,125500
0.9718037852452684,0.375,0.3333333333333333,0.625,1,215000
0.5809192738509077,0.375,0.3333333333333333,0.5,1,230000
0.31517960602549244,0.375,0.3333333333333333,0.875,1,140000
-0.6550791811510236,0.25,0.6666666666666666,0.5,0,90000
0.5870992661259173,0.25,0.3333333333333333,0.5,1,257000
0.593279258400927,0.5,0.3333333333333333,0.75,1,207000
0.16222479721900349,0.125,0.3333333333333333,0.5,1,175900
1.2761684047894941,0.5,0.6666666666666666,0.625,1,122500
1.5233680957898803,0.375,0.3333333333333333,0.5,1,340000
-0.4943993820007725,0.375,0.3333333333333333,0.5,1,124000
0.5870992661259173,0.375,0.3333333333333333,0.5,1,223000
-0.07415990730011587,0.375,0.3333333333333333,0.625,1,179900
-0.6102742371572035,0.25,0.3333333333333333,0.5,1,127500
-0.9517188103514872,0.125,0.3333333333333333,0.5,1,136500
1.138663576670529,0.5,0.3333333333333333,0.75,1,274970
-0.1853997682502897,0.25,0.3333333333333333,0.5,1,144000
-0.3275395905755118,0.375,0.3333333333333333,0.625,1,142000
1.0243337195828506,0.375,0.3333333333333333,0.5,1,271000
0.14522981846272692,0.375,0.3333333333333333,0.625,1,140000
-1.0196987253765932,0.25,0.3333333333333333,0.75,1,119000
-0.03707995365005794,0.375,0.3333333333333333,0.75,1,182900
0.5778292777134029,0.5,0.3333333333333333,0.5,1,192140
-0.7817690227887215,0.25,0.3333333333333333,0.625,1,143750
-0.7663190421011974,0.5,0.3333333333333333,0.625,1,64500
0.5067593665507918,0.375,0.3333333333333333,0.5,1,186500
-0.5222093472383159,0.375,0.3333333333333333,0.5,1,160000
0.11278485901892622,0.375,0.3333333333333333,1.0,1,174000
-0.9269988412514484,0.375,0.3333333333333333,0.625,1,120500
0.7230590961761297,0.25,0.3333333333333333,0.5,1,394617
-0.3522595596755504,0.25,0.3333333333333333,0.75,1,149700
0.4032444959443801,0.375,0.3333333333333333,0.625,1,197000
1.6855928930088837,0.375,0.3333333333333333,0.75,1,191000
-0.9517188103514872,0.125,0.3333333333333333,0.5,1,149300
0.8389339513325609,0.375,0.3333333333333333,0.5,1,310000
-0.791039011201236,0.25,0.3333333333333333,0.625,0,121000
-0.06488991888760139,0.375,0.3333333333333333,0.5,1,179600
-0.8512939358825802,0.375,0.3333333333333333,0.5,1,129000
-0.4264194669756663,0.375,0.3333333333333333,0.75,1,157900
0.9671687910390112,0.375,0.3333333333333333,0.5,1,240000
-0.18230977211278485,0.25,0.3333333333333333,0.75,0,112000
-1.2885283893395134,0.125,0.3333333333333333,0.75,1,92000
0.5067593665507918,0.5,0.6666666666666666,0.5,1,136000
0.1761297798377752,0.375,0.3333333333333333,0.5,1,287090
-0.6056392429509463,0.25,0.3333333333333333,0.5,1,145000
-0.5005793742757821,0.375,0.3333333333333333,0.5,1,84500
-0.37543453070683663,0.25,0.3333333333333333,0.5,1,185000
0.2827346465816918,0.375,0.3333333333333333,0.5,1,175000
0.9409038238702202,0.375,0.3333333333333333,0.625,1,210000
1.3534183082271147,0.5,0.3333333333333333,1.0,1,266500
-0.5963692545384318,0.25,0.3333333333333333,0.625,1,142125
-0.3213595983005021,0.375,0.3333333333333333,0.625,1,147500
